Product code,Bureau of Meteorology station number,Year,Month,Day,Rainfall amount (millimetres),Period over which rainfall was measured (days),Quality
IDCJAC0009,070222,1919,01,01,,,
IDCJAC0009,070222,1919,01,02,,,
IDCJAC0009,070222,1919,01,03,,,
IDCJAC0009,070222,1919,01,04,,,
IDCJAC0009,070222,1919,01,05,,,
IDCJAC0009,070222,1919,01,06,,,
IDCJAC0009,070222,1919,01,07,,,
IDCJAC0009,070222,1919,01,08,,,
IDCJAC0009,070222,1919,01,09,,,
IDCJAC0009,070222,1919,01,10,,,
IDCJAC0009,070222,1919,01,11,,,
IDCJAC0009,070222,1919,01,12,,,
IDCJAC0009,070222,1919,01,13,,,
IDCJAC0009,070222,1919,01,14,,,
IDCJAC0009,070222,1919,01,15,,,
IDCJAC0009,070222,1919,01,16,,,
IDCJAC0009,070222,1919,01,17,,,
IDCJAC0009,070222,1919,01,18,,,
IDCJAC0009,070222,1919,01,19,,,
IDCJAC0009,070222,1919,01,20,,,
IDCJAC0009,070222,1919,01,21,,,
IDCJAC0009,070222,1919,01,22,,,
IDCJAC0009,070222,1919,01,23,,,
IDCJAC0009,070222,1919,01,24,,,
IDCJAC0009,070222,1919,01,25,,,
IDCJAC0009,070222,1919,01,26,,,
IDCJAC0009,070222,1919,01,27,,,
IDCJAC0009,070222,1919,01,28,,,
IDCJAC0009,070222,1919,01,29,,,
IDCJAC0009,070222,1919,01,30,,,
IDCJAC0009,070222,1919,01,31,,,
IDCJAC0009,070222,1919,02,01,,,
IDCJAC0009,070222,1919,02,02,,,
IDCJAC0009,070222,1919,02,03,,,
IDCJAC0009,070222,1919,02,04,,,
IDCJAC0009,070222,1919,02,05,,,
IDCJAC0009,070222,1919,02,06,,,
IDCJAC0009,070222,1919,02,07,,,
IDCJAC0009,070222,1919,02,08,,,
IDCJAC0009,070222,1919,02,09,,,
IDCJAC0009,070222,1919,02,10,,,
IDCJAC0009,070222,1919,02,11,,,
IDCJAC0009,070222,1919,02,12,,,
IDCJAC0009,070222,1919,02,13,,,
IDCJAC0009,070222,1919,02,14,,,
IDCJAC0009,070222,1919,02,15,,,
IDCJAC0009,070222,1919,02,16,,,
IDCJAC0009,070222,1919,02,17,,,
IDCJAC0009,070222,1919,02,18,,,
IDCJAC0009,070222,1919,02,19,,,
IDCJAC0009,070222,1919,02,20,,,
IDCJAC0009,070222,1919,02,21,,,
IDCJAC0009,070222,1919,02,22,,,
IDCJAC0009,070222,1919,02,23,,,
IDCJAC0009,070222,1919,02,24,,,
IDCJAC0009,070222,1919,02,25,,,
IDCJAC0009,070222,1919,02,26,,,
IDCJAC0009,070222,1919,02,27,,,
IDCJAC0009,070222,1919,02,28,,,
IDCJAC0009,070222,1919,03,01,,,
IDCJAC0009,070222,1919,03,02,,,
IDCJAC0009,070222,1919,03,03,,,
IDCJAC0009,070222,1919,03,04,,,
IDCJAC0009,070222,1919,03,05,,,
IDCJAC0009,070222,1919,03,06,,,
IDCJAC0009,070222,1919,03,07,,,
IDCJAC0009,070222,1919,03,08,,,
IDCJAC0009,070222,1919,03,09,,,
IDCJAC0009,070222,1919,03,10,,,
IDCJAC0009,070222,1919,03,11,,,
IDCJAC0009,070222,1919,03,12,,,
IDCJAC0009,070222,1919,03,13,,,
IDCJAC0009,070222,1919,03,14,,,
IDCJAC0009,070222,1919,03,15,,,
IDCJAC0009,070222,1919,03,16,,,
IDCJAC0009,070222,1919,03,17,,,
IDCJAC0009,070222,1919,03,18,,,
IDCJAC0009,070222,1919,03,19,,,
IDCJAC0009,070222,1919,03,20,,,
IDCJAC0009,070222,1919,03,21,,,
IDCJAC0009,070222,1919,03,22,,,
IDCJAC0009,070222,1919,03,23,,,
IDCJAC0009,070222,1919,03,24,,,
IDCJAC0009,070222,1919,03,25,,,
IDCJAC0009,070222,1919,03,26,,,
IDCJAC0009,070222,1919,03,27,,,
IDCJAC0009,070222,1919,03,28,,,
IDCJAC0009,070222,1919,03,29,,,
IDCJAC0009,070222,1919,03,30,,,
IDCJAC0009,070222,1919,03,31,,,
IDCJAC0009,070222,1919,04,01,,,
IDCJAC0009,070222,1919,04,02,,,
IDCJAC0009,070222,1919,04,03,,,
IDCJAC0009,070222,1919,04,04,,,
IDCJAC0009,070222,1919,04,05,,,
IDCJAC0009,070222,1919,04,06,,,
IDCJAC0009,070222,1919,04,07,,,
IDCJAC0009,070222,1919,04,08,,,
IDCJAC0009,070222,1919,04,09,,,
IDCJAC0009,070222,1919,04,10,,,
IDCJAC0009,070222,1919,04,11,,,
IDCJAC0009,070222,1919,04,12,,,
IDCJAC0009,070222,1919,04,13,,,
IDCJAC0009,070222,1919,04,14,,,
IDCJAC0009,070222,1919,04,15,,,
IDCJAC0009,070222,1919,04,16,,,
IDCJAC0009,070222,1919,04,17,,,
IDCJAC0009,070222,1919,04,18,,,
IDCJAC0009,070222,1919,04,19,,,
IDCJAC0009,070222,1919,04,20,,,
IDCJAC0009,070222,1919,04,21,,,
IDCJAC0009,070222,1919,04,22,,,
IDCJAC0009,070222,1919,04,23,,,
IDCJAC0009,070222,1919,04,24,,,
IDCJAC0009,070222,1919,04,25,,,
IDCJAC0009,070222,1919,04,26,,,
IDCJAC0009,070222,1919,04,27,,,
IDCJAC0009,070222,1919,04,28,,,
IDCJAC0009,070222,1919,04,29,,,
IDCJAC0009,070222,1919,04,30,,,
IDCJAC0009,070222,1919,05,01,,,
IDCJAC0009,070222,1919,05,02,,,
IDCJAC0009,070222,1919,05,03,,,
IDCJAC0009,070222,1919,05,04,,,
IDCJAC0009,070222,1919,05,05,,,
IDCJAC0009,070222,1919,05,06,,,
IDCJAC0009,070222,1919,05,07,,,
IDCJAC0009,070222,1919,05,08,,,
IDCJAC0009,070222,1919,05,09,,,
IDCJAC0009,070222,1919,05,10,,,
IDCJAC0009,070222,1919,05,11,,,
IDCJAC0009,070222,1919,05,12,,,
IDCJAC0009,070222,1919,05,13,,,
IDCJAC0009,070222,1919,05,14,,,
IDCJAC0009,070222,1919,05,15,,,
IDCJAC0009,070222,1919,05,16,,,
IDCJAC0009,070222,1919,05,17,,,
IDCJAC0009,070222,1919,05,18,,,
IDCJAC0009,070222,1919,05,19,,,
IDCJAC0009,070222,1919,05,20,,,
IDCJAC0009,070222,1919,05,21,,,
IDCJAC0009,070222,1919,05,22,,,
IDCJAC0009,070222,1919,05,23,,,
IDCJAC0009,070222,1919,05,24,,,
IDCJAC0009,070222,1919,05,25,,,
IDCJAC0009,070222,1919,05,26,,,
IDCJAC0009,070222,1919,05,27,,,
IDCJAC0009,070222,1919,05,28,,,
IDCJAC0009,070222,1919,05,29,,,
IDCJAC0009,070222,1919,05,30,,,
IDCJAC0009,070222,1919,05,31,,,
IDCJAC0009,070222,1919,06,01,,,
IDCJAC0009,070222,1919,06,02,,,
IDCJAC0009,070222,1919,06,03,,,
IDCJAC0009,070222,1919,06,04,,,
IDCJAC0009,070222,1919,06,05,,,
IDCJAC0009,070222,1919,06,06,,,
IDCJAC0009,070222,1919,06,07,,,
IDCJAC0009,070222,1919,06,08,,,
IDCJAC0009,070222,1919,06,09,,,
IDCJAC0009,070222,1919,06,10,,,
IDCJAC0009,070222,1919,06,11,,,
IDCJAC0009,070222,1919,06,12,,,
IDCJAC0009,070222,1919,06,13,,,
IDCJAC0009,070222,1919,06,14,,,
IDCJAC0009,070222,1919,06,15,,,
IDCJAC0009,070222,1919,06,16,,,
IDCJAC0009,070222,1919,06,17,,,
IDCJAC0009,070222,1919,06,18,,,
IDCJAC0009,070222,1919,06,19,,,
IDCJAC0009,070222,1919,06,20,,,
IDCJAC0009,070222,1919,06,21,,,
IDCJAC0009,070222,1919,06,22,,,
IDCJAC0009,070222,1919,06,23,,,
IDCJAC0009,070222,1919,06,24,,,
IDCJAC0009,070222,1919,06,25,,,
IDCJAC0009,070222,1919,06,26,,,
IDCJAC0009,070222,1919,06,27,,,
IDCJAC0009,070222,1919,06,28,,,
IDCJAC0009,070222,1919,06,29,,,
IDCJAC0009,070222,1919,06,30,,,
IDCJAC0009,070222,1919,07,01,,,
IDCJAC0009,070222,1919,07,02,,,
IDCJAC0009,070222,1919,07,03,,,
IDCJAC0009,070222,1919,07,04,,,
IDCJAC0009,070222,1919,07,05,,,
IDCJAC0009,070222,1919,07,06,,,
IDCJAC0009,070222,1919,07,07,,,
IDCJAC0009,070222,1919,07,08,,,
IDCJAC0009,070222,1919,07,09,,,
IDCJAC0009,070222,1919,07,10,,,
IDCJAC0009,070222,1919,07,11,,,
IDCJAC0009,070222,1919,07,12,,,
IDCJAC0009,070222,1919,07,13,,,
IDCJAC0009,070222,1919,07,14,,,
IDCJAC0009,070222,1919,07,15,,,
IDCJAC0009,070222,1919,07,16,,,
IDCJAC0009,070222,1919,07,17,,,
IDCJAC0009,070222,1919,07,18,,,
IDCJAC0009,070222,1919,07,19,,,
IDCJAC0009,070222,1919,07,20,,,
IDCJAC0009,070222,1919,07,21,,,
IDCJAC0009,070222,1919,07,22,,,
IDCJAC0009,070222,1919,07,23,,,
IDCJAC0009,070222,1919,07,24,,,
IDCJAC0009,070222,1919,07,25,,,
IDCJAC0009,070222,1919,07,26,,,
IDCJAC0009,070222,1919,07,27,,,
IDCJAC0009,070222,1919,07,28,,,
IDCJAC0009,070222,1919,07,29,,,
IDCJAC0009,070222,1919,07,30,,,
IDCJAC0009,070222,1919,07,31,,,
IDCJAC0009,070222,1919,08,01,,,
IDCJAC0009,070222,1919,08,02,,,
IDCJAC0009,070222,1919,08,03,,,
IDCJAC0009,070222,1919,08,04,,,
IDCJAC0009,070222,1919,08,05,,,
IDCJAC0009,070222,1919,08,06,,,
IDCJAC0009,070222,1919,08,07,,,
IDCJAC0009,070222,1919,08,08,,,
IDCJAC0009,070222,1919,08,09,,,
IDCJAC0009,070222,1919,08,10,,,
IDCJAC0009,070222,1919,08,11,,,
IDCJAC0009,070222,1919,08,12,,,
IDCJAC0009,070222,1919,08,13,,,
IDCJAC0009,070222,1919,08,14,,,
IDCJAC0009,070222,1919,08,15,,,
IDCJAC0009,070222,1919,08,16,,,
IDCJAC0009,070222,1919,08,17,,,
IDCJAC0009,070222,1919,08,18,,,
IDCJAC0009,070222,1919,08,19,,,
IDCJAC0009,070222,1919,08,20,,,
IDCJAC0009,070222,1919,08,21,,,
IDCJAC0009,070222,1919,08,22,,,
IDCJAC0009,070222,1919,08,23,,,
IDCJAC0009,070222,1919,08,24,,,
IDCJAC0009,070222,1919,08,25,,,
IDCJAC0009,070222,1919,08,26,,,
IDCJAC0009,070222,1919,08,27,,,
IDCJAC0009,070222,1919,08,28,,,
IDCJAC0009,070222,1919,08,29,,,
IDCJAC0009,070222,1919,08,30,,,
IDCJAC0009,070222,1919,08,31,,,
IDCJAC0009,070222,1919,09,01,,,
IDCJAC0009,070222,1919,09,02,,,
IDCJAC0009,070222,1919,09,03,,,
IDCJAC0009,070222,1919,09,04,,,
IDCJAC0009,070222,1919,09,05,,,
IDCJAC0009,070222,1919,09,06,,,
IDCJAC0009,070222,1919,09,07,,,
IDCJAC0009,070222,1919,09,08,,,
IDCJAC0009,070222,1919,09,09,,,
IDCJAC0009,070222,1919,09,10,,,
IDCJAC0009,070222,1919,09,11,,,
IDCJAC0009,070222,1919,09,12,,,
IDCJAC0009,070222,1919,09,13,,,
IDCJAC0009,070222,1919,09,14,,,
IDCJAC0009,070222,1919,09,15,,,
IDCJAC0009,070222,1919,09,16,,,
IDCJAC0009,070222,1919,09,17,,,
IDCJAC0009,070222,1919,09,18,,,
IDCJAC0009,070222,1919,09,19,,,
IDCJAC0009,070222,1919,09,20,,,
IDCJAC0009,070222,1919,09,21,,,
IDCJAC0009,070222,1919,09,22,,,
IDCJAC0009,070222,1919,09,23,,,
IDCJAC0009,070222,1919,09,24,,,
IDCJAC0009,070222,1919,09,25,,,
IDCJAC0009,070222,1919,09,26,,,
IDCJAC0009,070222,1919,09,27,,,
IDCJAC0009,070222,1919,09,28,,,
IDCJAC0009,070222,1919,09,29,,,
IDCJAC0009,070222,1919,09,30,,,
IDCJAC0009,070222,1919,10,01,,,
IDCJAC0009,070222,1919,10,02,,,
IDCJAC0009,070222,1919,10,03,,,
IDCJAC0009,070222,1919,10,04,,,
IDCJAC0009,070222,1919,10,05,,,
IDCJAC0009,070222,1919,10,06,,,
IDCJAC0009,070222,1919,10,07,,,
IDCJAC0009,070222,1919,10,08,,,
IDCJAC0009,070222,1919,10,09,,,
IDCJAC0009,070222,1919,10,10,,,
IDCJAC0009,070222,1919,10,11,,,
IDCJAC0009,070222,1919,10,12,,,
IDCJAC0009,070222,1919,10,13,,,
IDCJAC0009,070222,1919,10,14,,,
IDCJAC0009,070222,1919,10,15,,,
IDCJAC0009,070222,1919,10,16,,,
IDCJAC0009,070222,1919,10,17,,,
IDCJAC0009,070222,1919,10,18,,,
IDCJAC0009,070222,1919,10,19,,,
IDCJAC0009,070222,1919,10,20,,,
IDCJAC0009,070222,1919,10,21,,,
IDCJAC0009,070222,1919,10,22,,,
IDCJAC0009,070222,1919,10,23,,,
IDCJAC0009,070222,1919,10,24,,,
IDCJAC0009,070222,1919,10,25,,,
IDCJAC0009,070222,1919,10,26,,,
IDCJAC0009,070222,1919,10,27,,,
IDCJAC0009,070222,1919,10,28,,,
IDCJAC0009,070222,1919,10,29,,,
IDCJAC0009,070222,1919,10,30,,,
IDCJAC0009,070222,1919,10,31,,,
IDCJAC0009,070222,1919,11,01,0.0,,Y
IDCJAC0009,070222,1919,11,02,0.0,,Y
IDCJAC0009,070222,1919,11,03,0.0,,Y
IDCJAC0009,070222,1919,11,04,0.0,,Y
IDCJAC0009,070222,1919,11,05,0.0,,Y
IDCJAC0009,070222,1919,11,06,0.0,,Y
IDCJAC0009,070222,1919,11,07,0.0,,Y
IDCJAC0009,070222,1919,11,08,0.0,,Y
IDCJAC0009,070222,1919,11,09,0.0,,Y
IDCJAC0009,070222,1919,11,10,0.0,,Y
IDCJAC0009,070222,1919,11,11,1.5,1,Y
IDCJAC0009,070222,1919,11,12,8.9,1,Y
IDCJAC0009,070222,1919,11,13,0.0,,Y
IDCJAC0009,070222,1919,11,14,5.3,1,Y
IDCJAC0009,070222,1919,11,15,0.0,,Y
IDCJAC0009,070222,1919,11,16,0.0,,Y
IDCJAC0009,070222,1919,11,17,0.0,,Y
IDCJAC0009,070222,1919,11,18,0.0,,Y
IDCJAC0009,070222,1919,11,19,0.0,,Y
IDCJAC0009,070222,1919,11,20,22.9,1,Y
IDCJAC0009,070222,1919,11,21,0.0,,Y
IDCJAC0009,070222,1919,11,22,0.0,,Y
IDCJAC0009,070222,1919,11,23,0.0,,Y
IDCJAC0009,070222,1919,11,24,0.0,,Y
IDCJAC0009,070222,1919,11,25,0.0,,Y
IDCJAC0009,070222,1919,11,26,0.0,,Y
IDCJAC0009,070222,1919,11,27,0.0,,Y
IDCJAC0009,070222,1919,11,28,2.8,1,Y
IDCJAC0009,070222,1919,11,29,5.3,1,Y
IDCJAC0009,070222,1919,11,30,5.3,1,Y
IDCJAC0009,070222,1919,12,01,0.0,,Y
IDCJAC0009,070222,1919,12,02,0.0,,Y
IDCJAC0009,070222,1919,12,03,6.1,1,Y
IDCJAC0009,070222,1919,12,04,3.6,1,Y
IDCJAC0009,070222,1919,12,05,2.5,1,Y
IDCJAC0009,070222,1919,12,06,13.2,1,Y
IDCJAC0009,070222,1919,12,07,0.0,,Y
IDCJAC0009,070222,1919,12,08,0.0,,Y
IDCJAC0009,070222,1919,12,09,0.0,,Y
IDCJAC0009,070222,1919,12,10,0.0,,Y
IDCJAC0009,070222,1919,12,11,0.0,,Y
IDCJAC0009,070222,1919,12,12,0.0,,Y
IDCJAC0009,070222,1919,12,13,0.0,,Y
IDCJAC0009,070222,1919,12,14,0.0,,Y
IDCJAC0009,070222,1919,12,15,0.0,,Y
IDCJAC0009,070222,1919,12,16,0.0,,Y
IDCJAC0009,070222,1919,12,17,0.0,,Y
IDCJAC0009,070222,1919,12,18,0.0,,Y
IDCJAC0009,070222,1919,12,19,0.0,,Y
IDCJAC0009,070222,1919,12,20,0.0,,Y
IDCJAC0009,070222,1919,12,21,0.0,,Y
IDCJAC0009,070222,1919,12,22,0.0,,Y
IDCJAC0009,070222,1919,12,23,0.0,,Y
IDCJAC0009,070222,1919,12,24,0.0,,Y
IDCJAC0009,070222,1919,12,25,0.0,,Y
IDCJAC0009,070222,1919,12,26,0.0,,Y
IDCJAC0009,070222,1919,12,27,0.0,,Y
IDCJAC0009,070222,1919,12,28,35.6,1,Y
IDCJAC0009,070222,1919,12,29,23.6,1,Y
IDCJAC0009,070222,1919,12,30,8.1,1,Y
IDCJAC0009,070222,1919,12,31,2.5,1,Y
IDCJAC0009,070222,1920,01,01,3.3,1,Y
IDCJAC0009,070222,1920,01,02,2.8,1,Y
IDCJAC0009,070222,1920,01,03,7.1,1,Y
IDCJAC0009,070222,1920,01,04,2.5,1,Y
IDCJAC0009,070222,1920,01,05,0.0,,Y
IDCJAC0009,070222,1920,01,06,0.0,,Y
IDCJAC0009,070222,1920,01,07,0.0,,Y
IDCJAC0009,070222,1920,01,08,0.0,,Y
IDCJAC0009,070222,1920,01,09,9.1,1,Y
IDCJAC0009,070222,1920,01,10,0.0,,Y
IDCJAC0009,070222,1920,01,11,0.0,,Y
IDCJAC0009,070222,1920,01,12,0.0,,Y
IDCJAC0009,070222,1920,01,13,0.0,,Y
IDCJAC0009,070222,1920,01,14,0.0,,Y
IDCJAC0009,070222,1920,01,15,0.0,,Y
IDCJAC0009,070222,1920,01,16,0.0,,Y
IDCJAC0009,070222,1920,01,17,7.6,1,Y
IDCJAC0009,070222,1920,01,18,10.9,1,Y
IDCJAC0009,070222,1920,01,19,0.0,,Y
IDCJAC0009,070222,1920,01,20,0.0,,Y
IDCJAC0009,070222,1920,01,21,18.0,1,Y
IDCJAC0009,070222,1920,01,22,0.0,,Y
IDCJAC0009,070222,1920,01,23,0.0,,Y
IDCJAC0009,070222,1920,01,24,0.0,,Y
IDCJAC0009,070222,1920,01,25,0.0,,Y
IDCJAC0009,070222,1920,01,26,0.0,,Y
IDCJAC0009,070222,1920,01,27,0.0,,Y
IDCJAC0009,070222,1920,01,28,33.3,1,Y
IDCJAC0009,070222,1920,01,29,15.2,1,Y
IDCJAC0009,070222,1920,01,30,0.0,,Y
IDCJAC0009,070222,1920,01,31,0.0,,Y
IDCJAC0009,070222,1920,02,01,0.0,,Y
IDCJAC0009,070222,1920,02,02,0.0,,Y
IDCJAC0009,070222,1920,02,03,0.0,,Y
IDCJAC0009,070222,1920,02,04,0.0,,Y
IDCJAC0009,070222,1920,02,05,0.0,,Y
IDCJAC0009,070222,1920,02,06,11.9,1,Y
IDCJAC0009,070222,1920,02,07,6.9,1,Y
IDCJAC0009,070222,1920,02,08,0.0,,Y
IDCJAC0009,070222,1920,02,09,0.0,,Y
IDCJAC0009,070222,1920,02,10,0.0,,Y
IDCJAC0009,070222,1920,02,11,0.0,,Y
IDCJAC0009,070222,1920,02,12,0.0,,Y
IDCJAC0009,070222,1920,02,13,0.0,,Y
IDCJAC0009,070222,1920,02,14,0.0,,Y
IDCJAC0009,070222,1920,02,15,0.0,,Y
IDCJAC0009,070222,1920,02,16,0.0,,Y
IDCJAC0009,070222,1920,02,17,0.0,,Y
IDCJAC0009,070222,1920,02,18,0.0,,Y
IDCJAC0009,070222,1920,02,19,3.8,1,Y
IDCJAC0009,070222,1920,02,20,0.0,,Y
IDCJAC0009,070222,1920,02,21,0.0,,Y
IDCJAC0009,070222,1920,02,22,0.0,,Y
IDCJAC0009,070222,1920,02,23,0.0,,Y
IDCJAC0009,070222,1920,02,24,0.0,,Y
IDCJAC0009,070222,1920,02,25,0.0,,Y
IDCJAC0009,070222,1920,02,26,0.0,,Y
IDCJAC0009,070222,1920,02,27,0.0,,Y
IDCJAC0009,070222,1920,02,28,0.0,,Y
IDCJAC0009,070222,1920,02,29,0.0,,Y
IDCJAC0009,070222,1920,03,01,0.0,,Y
IDCJAC0009,070222,1920,03,02,0.0,,Y
IDCJAC0009,070222,1920,03,03,0.0,,Y
IDCJAC0009,070222,1920,03,04,0.0,,Y
IDCJAC0009,070222,1920,03,05,0.0,,Y
IDCJAC0009,070222,1920,03,06,0.0,,Y
IDCJAC0009,070222,1920,03,07,48.3,1,Y
IDCJAC0009,070222,1920,03,08,0.0,,Y
IDCJAC0009,070222,1920,03,09,0.0,,Y
IDCJAC0009,070222,1920,03,10,0.0,,Y
IDCJAC0009,070222,1920,03,11,0.0,,Y
IDCJAC0009,070222,1920,03,12,6.4,1,Y
IDCJAC0009,070222,1920,03,13,0.0,,Y
IDCJAC0009,070222,1920,03,14,0.0,,Y
IDCJAC0009,070222,1920,03,15,17.8,1,Y
IDCJAC0009,070222,1920,03,16,14.0,1,Y
IDCJAC0009,070222,1920,03,17,0.0,,Y
IDCJAC0009,070222,1920,03,18,0.0,,Y
IDCJAC0009,070222,1920,03,19,0.0,,Y
IDCJAC0009,070222,1920,03,20,0.0,,Y
IDCJAC0009,070222,1920,03,21,0.0,,Y
IDCJAC0009,070222,1920,03,22,0.0,,Y
IDCJAC0009,070222,1920,03,23,0.0,,Y
IDCJAC0009,070222,1920,03,24,0.0,,Y
IDCJAC0009,070222,1920,03,25,0.0,,Y
IDCJAC0009,070222,1920,03,26,0.0,,Y
IDCJAC0009,070222,1920,03,27,0.0,,Y
IDCJAC0009,070222,1920,03,28,0.0,,Y
IDCJAC0009,070222,1920,03,29,0.0,,Y
IDCJAC0009,070222,1920,03,30,0.0,,Y
IDCJAC0009,070222,1920,03,31,0.0,,Y
IDCJAC0009,070222,1920,04,01,0.0,,Y
IDCJAC0009,070222,1920,04,02,0.0,,Y
IDCJAC0009,070222,1920,04,03,0.0,,Y
IDCJAC0009,070222,1920,04,04,3.8,1,Y
IDCJAC0009,070222,1920,04,05,0.0,,Y
IDCJAC0009,070222,1920,04,06,0.0,,Y
IDCJAC0009,070222,1920,04,07,0.0,,Y
IDCJAC0009,070222,1920,04,08,0.0,,Y
IDCJAC0009,070222,1920,04,09,0.0,,Y
IDCJAC0009,070222,1920,04,10,0.0,,Y
IDCJAC0009,070222,1920,04,11,0.0,,Y
IDCJAC0009,070222,1920,04,12,0.0,,Y
IDCJAC0009,070222,1920,04,13,10.9,1,Y
IDCJAC0009,070222,1920,04,14,9.1,1,Y
IDCJAC0009,070222,1920,04,15,2.5,1,Y
IDCJAC0009,070222,1920,04,16,0.0,,Y
IDCJAC0009,070222,1920,04,17,0.0,,Y
IDCJAC0009,070222,1920,04,18,0.0,,Y
IDCJAC0009,070222,1920,04,19,0.0,,Y
IDCJAC0009,070222,1920,04,20,0.0,,Y
IDCJAC0009,070222,1920,04,21,0.0,,Y
IDCJAC0009,070222,1920,04,22,0.0,,Y
IDCJAC0009,070222,1920,04,23,0.0,,Y
IDCJAC0009,070222,1920,04,24,0.0,,Y
IDCJAC0009,070222,1920,04,25,0.0,,Y
IDCJAC0009,070222,1920,04,26,0.0,,Y
IDCJAC0009,070222,1920,04,27,0.0,,Y
IDCJAC0009,070222,1920,04,28,0.0,,Y
IDCJAC0009,070222,1920,04,29,0.0,,Y
IDCJAC0009,070222,1920,04,30,0.0,,Y
IDCJAC0009,070222,1920,05,01,0.0,,Y
IDCJAC0009,070222,1920,05,02,0.0,,Y
IDCJAC0009,070222,1920,05,03,0.0,,Y
IDCJAC0009,070222,1920,05,04,0.0,,Y
IDCJAC0009,070222,1920,05,05,0.0,,Y
IDCJAC0009,070222,1920,05,06,0.0,,Y
IDCJAC0009,070222,1920,05,07,0.0,,Y
IDCJAC0009,070222,1920,05,08,0.0,,Y
IDCJAC0009,070222,1920,05,09,0.0,,Y
IDCJAC0009,070222,1920,05,10,0.0,,Y
IDCJAC0009,070222,1920,05,11,0.0,,Y
IDCJAC0009,070222,1920,05,12,0.0,,Y
IDCJAC0009,070222,1920,05,13,0.0,,Y
IDCJAC0009,070222,1920,05,14,0.0,,Y
IDCJAC0009,070222,1920,05,15,0.0,,Y
IDCJAC0009,070222,1920,05,16,0.0,,Y
IDCJAC0009,070222,1920,05,17,0.0,,Y
IDCJAC0009,070222,1920,05,18,0.0,,Y
IDCJAC0009,070222,1920,05,19,0.0,,Y
IDCJAC0009,070222,1920,05,20,0.0,,Y
IDCJAC0009,070222,1920,05,21,0.0,,Y
IDCJAC0009,070222,1920,05,22,0.0,,Y
IDCJAC0009,070222,1920,05,23,0.0,,Y
IDCJAC0009,070222,1920,05,24,0.0,,Y
IDCJAC0009,070222,1920,05,25,0.0,,Y
IDCJAC0009,070222,1920,05,26,0.0,,Y
IDCJAC0009,070222,1920,05,27,0.0,,Y
IDCJAC0009,070222,1920,05,28,0.0,,Y
IDCJAC0009,070222,1920,05,29,0.0,,Y
IDCJAC0009,070222,1920,05,30,0.0,,Y
IDCJAC0009,070222,1920,05,31,0.0,,Y
IDCJAC0009,070222,1920,06,01,8.9,1,Y
IDCJAC0009,070222,1920,06,02,0.0,,Y
IDCJAC0009,070222,1920,06,03,0.0,,Y
IDCJAC0009,070222,1920,06,04,0.0,,Y
IDCJAC0009,070222,1920,06,05,0.0,,Y
IDCJAC0009,070222,1920,06,06,0.0,,Y
IDCJAC0009,070222,1920,06,07,0.0,,Y
IDCJAC0009,070222,1920,06,08,0.0,,Y
IDCJAC0009,070222,1920,06,09,0.0,,Y
IDCJAC0009,070222,1920,06,10,0.0,,Y
IDCJAC0009,070222,1920,06,11,0.0,,Y
IDCJAC0009,070222,1920,06,12,0.0,,Y
IDCJAC0009,070222,1920,06,13,21.6,1,Y
IDCJAC0009,070222,1920,06,14,0.0,,Y
IDCJAC0009,070222,1920,06,15,0.0,,Y
IDCJAC0009,070222,1920,06,16,0.0,,Y
IDCJAC0009,070222,1920,06,17,0.0,,Y
IDCJAC0009,070222,1920,06,18,0.0,,Y
IDCJAC0009,070222,1920,06,19,0.0,,Y
IDCJAC0009,070222,1920,06,20,0.0,,Y
IDCJAC0009,070222,1920,06,21,0.0,,Y
IDCJAC0009,070222,1920,06,22,0.0,,Y
IDCJAC0009,070222,1920,06,23,0.0,,Y
IDCJAC0009,070222,1920,06,24,0.0,,Y
IDCJAC0009,070222,1920,06,25,0.0,,Y
IDCJAC0009,070222,1920,06,26,0.0,,Y
IDCJAC0009,070222,1920,06,27,0.0,,Y
IDCJAC0009,070222,1920,06,28,13.5,1,Y
IDCJAC0009,070222,1920,06,29,27.9,1,Y
IDCJAC0009,070222,1920,06,30,8.6,1,Y
IDCJAC0009,070222,1920,07,01,0.0,,Y
IDCJAC0009,070222,1920,07,02,60.7,1,Y
IDCJAC0009,070222,1920,07,03,0.0,,Y
IDCJAC0009,070222,1920,07,04,0.0,,Y
IDCJAC0009,070222,1920,07,05,0.0,,Y
IDCJAC0009,070222,1920,07,06,0.0,,Y
IDCJAC0009,070222,1920,07,07,14.0,1,Y
IDCJAC0009,070222,1920,07,08,0.0,,Y
IDCJAC0009,070222,1920,07,09,0.0,,Y
IDCJAC0009,070222,1920,07,10,0.0,,Y
IDCJAC0009,070222,1920,07,11,0.0,,Y
IDCJAC0009,070222,1920,07,12,0.0,,Y
IDCJAC0009,070222,1920,07,13,0.0,,Y
IDCJAC0009,070222,1920,07,14,0.0,,Y
IDCJAC0009,070222,1920,07,15,0.0,,Y
IDCJAC0009,070222,1920,07,16,0.0,,Y
IDCJAC0009,070222,1920,07,17,0.0,,Y
IDCJAC0009,070222,1920,07,18,0.0,,Y
IDCJAC0009,070222,1920,07,19,0.0,,Y
IDCJAC0009,070222,1920,07,20,0.0,,Y
IDCJAC0009,070222,1920,07,21,0.0,,Y
IDCJAC0009,070222,1920,07,22,0.0,,Y
IDCJAC0009,070222,1920,07,23,5.1,1,Y
IDCJAC0009,070222,1920,07,24,0.0,,Y
IDCJAC0009,070222,1920,07,25,0.0,,Y
IDCJAC0009,070222,1920,07,26,0.0,,Y
IDCJAC0009,070222,1920,07,27,0.0,,Y
IDCJAC0009,070222,1920,07,28,0.0,,Y
IDCJAC0009,070222,1920,07,29,0.0,,Y
IDCJAC0009,070222,1920,07,30,0.0,,Y
IDCJAC0009,070222,1920,07,31,23.9,1,Y
IDCJAC0009,070222,1920,08,01,0.0,,Y
IDCJAC0009,070222,1920,08,02,0.0,,Y
IDCJAC0009,070222,1920,08,03,0.0,,Y
IDCJAC0009,070222,1920,08,04,0.0,,Y
IDCJAC0009,070222,1920,08,05,0.0,,Y
IDCJAC0009,070222,1920,08,06,0.0,,Y
IDCJAC0009,070222,1920,08,07,0.0,,Y
IDCJAC0009,070222,1920,08,08,0.0,,Y
IDCJAC0009,070222,1920,08,09,17.8,1,Y
IDCJAC0009,070222,1920,08,10,2.0,1,Y
IDCJAC0009,070222,1920,08,11,1.3,1,Y
IDCJAC0009,070222,1920,08,12,0.0,,Y
IDCJAC0009,070222,1920,08,13,0.0,,Y
IDCJAC0009,070222,1920,08,14,0.0,,Y
IDCJAC0009,070222,1920,08,15,0.0,,Y
IDCJAC0009,070222,1920,08,16,0.0,,Y
IDCJAC0009,070222,1920,08,17,0.0,,Y
IDCJAC0009,070222,1920,08,18,5.1,1,Y
IDCJAC0009,070222,1920,08,19,0.0,,Y
IDCJAC0009,070222,1920,08,20,0.0,,Y
IDCJAC0009,070222,1920,08,21,0.0,,Y
IDCJAC0009,070222,1920,08,22,0.0,,Y
IDCJAC0009,070222,1920,08,23,0.0,,Y
IDCJAC0009,070222,1920,08,24,17.8,1,Y
IDCJAC0009,070222,1920,08,25,10.7,1,Y
IDCJAC0009,070222,1920,08,26,0.0,,Y
IDCJAC0009,070222,1920,08,27,0.0,,Y
IDCJAC0009,070222,1920,08,28,0.0,,Y
IDCJAC0009,070222,1920,08,29,0.0,,Y
IDCJAC0009,070222,1920,08,30,0.0,,Y
IDCJAC0009,070222,1920,08,31,0.0,,Y
IDCJAC0009,070222,1920,09,01,0.0,,Y
IDCJAC0009,070222,1920,09,02,0.0,,Y
IDCJAC0009,070222,1920,09,03,0.0,,Y
IDCJAC0009,070222,1920,09,04,6.4,1,Y
IDCJAC0009,070222,1920,09,05,0.0,,Y
IDCJAC0009,070222,1920,09,06,0.0,,Y
IDCJAC0009,070222,1920,09,07,13.2,1,Y
IDCJAC0009,070222,1920,09,08,0.0,,Y
IDCJAC0009,070222,1920,09,09,0.0,,Y
IDCJAC0009,070222,1920,09,10,1.3,1,Y
IDCJAC0009,070222,1920,09,11,6.6,1,Y
IDCJAC0009,070222,1920,09,12,0.0,,Y
IDCJAC0009,070222,1920,09,13,0.0,,Y
IDCJAC0009,070222,1920,09,14,0.0,,Y
IDCJAC0009,070222,1920,09,15,0.0,,Y
IDCJAC0009,070222,1920,09,16,8.6,1,Y
IDCJAC0009,070222,1920,09,17,15.7,1,Y
IDCJAC0009,070222,1920,09,18,5.3,1,Y
IDCJAC0009,070222,1920,09,19,1.3,1,Y
IDCJAC0009,070222,1920,09,20,0.0,,Y
IDCJAC0009,070222,1920,09,21,0.0,,Y
IDCJAC0009,070222,1920,09,22,1.3,1,Y
IDCJAC0009,070222,1920,09,23,0.0,,Y
IDCJAC0009,070222,1920,09,24,0.0,,Y
IDCJAC0009,070222,1920,09,25,1.3,1,Y
IDCJAC0009,070222,1920,09,26,0.0,,Y
IDCJAC0009,070222,1920,09,27,0.0,,Y
IDCJAC0009,070222,1920,09,28,0.0,,Y
IDCJAC0009,070222,1920,09,29,0.0,,Y
IDCJAC0009,070222,1920,09,30,0.0,,Y
IDCJAC0009,070222,1920,10,01,0.0,,Y
IDCJAC0009,070222,1920,10,02,0.0,,Y
IDCJAC0009,070222,1920,10,03,0.0,,Y
IDCJAC0009,070222,1920,10,04,0.0,,Y
IDCJAC0009,070222,1920,10,05,0.0,,Y
IDCJAC0009,070222,1920,10,06,0.0,,Y
IDCJAC0009,070222,1920,10,07,0.0,,Y
IDCJAC0009,070222,1920,10,08,5.1,1,Y
IDCJAC0009,070222,1920,10,09,0.0,,Y
IDCJAC0009,070222,1920,10,10,0.0,,Y
IDCJAC0009,070222,1920,10,11,0.0,,Y
IDCJAC0009,070222,1920,10,12,0.0,,Y
IDCJAC0009,070222,1920,10,13,0.0,,Y
IDCJAC0009,070222,1920,10,14,0.0,,Y
IDCJAC0009,070222,1920,10,15,0.0,,Y
IDCJAC0009,070222,1920,10,16,4.3,1,Y
IDCJAC0009,070222,1920,10,17,0.0,,Y
IDCJAC0009,070222,1920,10,18,0.0,,Y
IDCJAC0009,070222,1920,10,19,0.0,,Y
IDCJAC0009,070222,1920,10,20,2.0,1,Y
IDCJAC0009,070222,1920,10,21,0.0,,Y
IDCJAC0009,070222,1920,10,22,0.0,,Y
IDCJAC0009,070222,1920,10,23,0.0,,Y
IDCJAC0009,070222,1920,10,24,5.1,1,Y
IDCJAC0009,070222,1920,10,25,3.8,1,Y
IDCJAC0009,070222,1920,10,26,6.9,1,Y
IDCJAC0009,070222,1920,10,27,2.3,1,Y
IDCJAC0009,070222,1920,10,28,0.0,,Y
IDCJAC0009,070222,1920,10,29,0.0,,Y
IDCJAC0009,070222,1920,10,30,0.0,,Y
IDCJAC0009,070222,1920,10,31,0.0,,Y
IDCJAC0009,070222,1920,11,01,0.0,,Y
IDCJAC0009,070222,1920,11,02,0.0,,Y
IDCJAC0009,070222,1920,11,03,0.0,,Y
IDCJAC0009,070222,1920,11,04,0.0,,Y
IDCJAC0009,070222,1920,11,05,0.0,,Y
IDCJAC0009,070222,1920,11,06,0.0,,Y
IDCJAC0009,070222,1920,11,07,0.0,,Y
IDCJAC0009,070222,1920,11,08,0.0,,Y
IDCJAC0009,070222,1920,11,09,0.0,,Y
IDCJAC0009,070222,1920,11,10,11.4,1,Y
IDCJAC0009,070222,1920,11,11,5.6,1,Y
IDCJAC0009,070222,1920,11,12,0.0,,Y
IDCJAC0009,070222,1920,11,13,0.0,,Y
IDCJAC0009,070222,1920,11,14,0.0,,Y
IDCJAC0009,070222,1920,11,15,0.0,,Y
IDCJAC0009,070222,1920,11,16,11.7,1,Y
IDCJAC0009,070222,1920,11,17,0.0,,Y
IDCJAC0009,070222,1920,11,18,0.0,,Y
IDCJAC0009,070222,1920,11,19,0.0,,Y
IDCJAC0009,070222,1920,11,20,0.0,,Y
IDCJAC0009,070222,1920,11,21,0.0,,Y
IDCJAC0009,070222,1920,11,22,0.0,,Y
IDCJAC0009,070222,1920,11,23,0.0,,Y
IDCJAC0009,070222,1920,11,24,0.0,,Y
IDCJAC0009,070222,1920,11,25,0.0,,Y
IDCJAC0009,070222,1920,11,26,0.0,,Y
IDCJAC0009,070222,1920,11,27,0.0,,Y
IDCJAC0009,070222,1920,11,28,0.0,,Y
IDCJAC0009,070222,1920,11,29,0.0,,Y
IDCJAC0009,070222,1920,11,30,0.0,,Y
IDCJAC0009,070222,1920,12,01,16.5,1,Y
IDCJAC0009,070222,1920,12,02,0.0,,Y
IDCJAC0009,070222,1920,12,03,0.0,,Y
IDCJAC0009,070222,1920,12,04,0.0,,Y
IDCJAC0009,070222,1920,12,05,4.3,1,Y
IDCJAC0009,070222,1920,12,06,11.4,1,Y
IDCJAC0009,070222,1920,12,07,0.0,,Y
IDCJAC0009,070222,1920,12,08,0.0,,Y
IDCJAC0009,070222,1920,12,09,17.8,1,Y
IDCJAC0009,070222,1920,12,10,1.0,1,Y
IDCJAC0009,070222,1920,12,11,0.0,,Y
IDCJAC0009,070222,1920,12,12,0.0,,Y
IDCJAC0009,070222,1920,12,13,0.0,,Y
IDCJAC0009,070222,1920,12,14,0.0,,Y
IDCJAC0009,070222,1920,12,15,0.0,,Y
IDCJAC0009,070222,1920,12,16,17.3,1,Y
IDCJAC0009,070222,1920,12,17,0.0,,Y
IDCJAC0009,070222,1920,12,18,0.0,,Y
IDCJAC0009,070222,1920,12,19,0.0,,Y
IDCJAC0009,070222,1920,12,20,0.0,,Y
IDCJAC0009,070222,1920,12,21,0.0,,Y
IDCJAC0009,070222,1920,12,22,0.0,,Y
IDCJAC0009,070222,1920,12,23,0.0,,Y
IDCJAC0009,070222,1920,12,24,0.0,,Y
IDCJAC0009,070222,1920,12,25,0.0,,Y
IDCJAC0009,070222,1920,12,26,0.0,,Y
IDCJAC0009,070222,1920,12,27,8.4,1,Y
IDCJAC0009,070222,1920,12,28,7.6,1,Y
IDCJAC0009,070222,1920,12,29,0.0,,Y
IDCJAC0009,070222,1920,12,30,0.0,,Y
IDCJAC0009,070222,1920,12,31,0.0,,Y
IDCJAC0009,070222,1921,01,01,0.0,,Y
IDCJAC0009,070222,1921,01,02,0.0,,Y
IDCJAC0009,070222,1921,01,03,14.7,1,Y
IDCJAC0009,070222,1921,01,04,0.0,,Y
IDCJAC0009,070222,1921,01,05,0.0,,Y
IDCJAC0009,070222,1921,01,06,0.0,,Y
IDCJAC0009,070222,1921,01,07,0.0,,Y
IDCJAC0009,070222,1921,01,08,0.0,,Y
IDCJAC0009,070222,1921,01,09,0.0,,Y
IDCJAC0009,070222,1921,01,10,0.0,,Y
IDCJAC0009,070222,1921,01,11,0.0,,Y
IDCJAC0009,070222,1921,01,12,0.0,,Y
IDCJAC0009,070222,1921,01,13,0.0,,Y
IDCJAC0009,070222,1921,01,14,0.0,,Y
IDCJAC0009,070222,1921,01,15,0.0,,Y
IDCJAC0009,070222,1921,01,16,0.0,,Y
IDCJAC0009,070222,1921,01,17,0.0,,Y
IDCJAC0009,070222,1921,01,18,0.0,,Y
IDCJAC0009,070222,1921,01,19,3.8,1,Y
IDCJAC0009,070222,1921,01,20,2.5,1,Y
IDCJAC0009,070222,1921,01,21,0.0,,Y
IDCJAC0009,070222,1921,01,22,5.1,1,Y
IDCJAC0009,070222,1921,01,23,2.5,1,Y
IDCJAC0009,070222,1921,01,24,0.0,,Y
IDCJAC0009,070222,1921,01,25,5.8,1,Y
IDCJAC0009,070222,1921,01,26,0.0,,Y
IDCJAC0009,070222,1921,01,27,0.0,,Y
IDCJAC0009,070222,1921,01,28,0.0,,Y
IDCJAC0009,070222,1921,01,29,0.0,,Y
IDCJAC0009,070222,1921,01,30,0.0,,Y
IDCJAC0009,070222,1921,01,31,0.0,,Y
IDCJAC0009,070222,1921,02,01,0.0,,Y
IDCJAC0009,070222,1921,02,02,0.0,,Y
IDCJAC0009,070222,1921,02,03,0.0,,Y
IDCJAC0009,070222,1921,02,04,0.0,,Y
IDCJAC0009,070222,1921,02,05,0.0,,Y
IDCJAC0009,070222,1921,02,06,0.0,,Y
IDCJAC0009,070222,1921,02,07,0.0,,Y
IDCJAC0009,070222,1921,02,08,0.0,,Y
IDCJAC0009,070222,1921,02,09,0.0,,Y
IDCJAC0009,070222,1921,02,10,0.0,,Y
IDCJAC0009,070222,1921,02,11,0.0,,Y
IDCJAC0009,070222,1921,02,12,0.0,,Y
IDCJAC0009,070222,1921,02,13,0.0,,Y
IDCJAC0009,070222,1921,02,14,0.0,,Y
IDCJAC0009,070222,1921,02,15,0.0,,Y
IDCJAC0009,070222,1921,02,16,0.0,,Y
IDCJAC0009,070222,1921,02,17,42.2,1,Y
IDCJAC0009,070222,1921,02,18,0.0,,Y
IDCJAC0009,070222,1921,02,19,0.0,,Y
IDCJAC0009,070222,1921,02,20,0.0,,Y
IDCJAC0009,070222,1921,02,21,0.0,,Y
IDCJAC0009,070222,1921,02,22,0.0,,Y
IDCJAC0009,070222,1921,02,23,0.0,,Y
IDCJAC0009,070222,1921,02,24,0.0,,Y
IDCJAC0009,070222,1921,02,25,0.0,,Y
IDCJAC0009,070222,1921,02,26,0.0,,Y
IDCJAC0009,070222,1921,02,27,0.0,,Y
IDCJAC0009,070222,1921,02,28,0.0,,Y
IDCJAC0009,070222,1921,03,01,26.4,1,Y
IDCJAC0009,070222,1921,03,02,29.0,1,Y
IDCJAC0009,070222,1921,03,03,0.0,,Y
IDCJAC0009,070222,1921,03,04,0.0,,Y
IDCJAC0009,070222,1921,03,05,21.6,1,Y
IDCJAC0009,070222,1921,03,06,6.9,1,Y
IDCJAC0009,070222,1921,03,07,0.0,,Y
IDCJAC0009,070222,1921,03,08,0.0,,Y
IDCJAC0009,070222,1921,03,09,0.0,,Y
IDCJAC0009,070222,1921,03,10,0.0,,Y
IDCJAC0009,070222,1921,03,11,0.0,,Y
IDCJAC0009,070222,1921,03,12,0.0,,Y
IDCJAC0009,070222,1921,03,13,0.0,,Y
IDCJAC0009,070222,1921,03,14,0.0,,Y
IDCJAC0009,070222,1921,03,15,0.0,,Y
IDCJAC0009,070222,1921,03,16,1.5,1,Y
IDCJAC0009,070222,1921,03,17,0.0,,Y
IDCJAC0009,070222,1921,03,18,0.0,,Y
IDCJAC0009,070222,1921,03,19,0.0,,Y
IDCJAC0009,070222,1921,03,20,0.0,,Y
IDCJAC0009,070222,1921,03,21,0.0,,Y
IDCJAC0009,070222,1921,03,22,0.0,,Y
IDCJAC0009,070222,1921,03,23,0.0,,Y
IDCJAC0009,070222,1921,03,24,0.0,,Y
IDCJAC0009,070222,1921,03,25,0.0,,Y
IDCJAC0009,070222,1921,03,26,0.0,,Y
IDCJAC0009,070222,1921,03,27,0.0,,Y
IDCJAC0009,070222,1921,03,28,0.0,,Y
IDCJAC0009,070222,1921,03,29,0.0,,Y
IDCJAC0009,070222,1921,03,30,0.0,,Y
IDCJAC0009,070222,1921,03,31,0.0,,Y
IDCJAC0009,070222,1921,04,01,0.0,,Y
IDCJAC0009,070222,1921,04,02,0.0,,Y
IDCJAC0009,070222,1921,04,03,0.0,,Y
IDCJAC0009,070222,1921,04,04,8.1,1,Y
IDCJAC0009,070222,1921,04,05,0.0,,Y
IDCJAC0009,070222,1921,04,06,0.0,,Y
IDCJAC0009,070222,1921,04,07,6.4,1,Y
IDCJAC0009,070222,1921,04,08,45.7,1,Y
IDCJAC0009,070222,1921,04,09,0.0,,Y
IDCJAC0009,070222,1921,04,10,0.0,,Y
IDCJAC0009,070222,1921,04,11,0.0,,Y
IDCJAC0009,070222,1921,04,12,0.0,,Y
IDCJAC0009,070222,1921,04,13,0.0,,Y
IDCJAC0009,070222,1921,04,14,0.0,,Y
IDCJAC0009,070222,1921,04,15,0.0,,Y
IDCJAC0009,070222,1921,04,16,0.0,,Y
IDCJAC0009,070222,1921,04,17,5.1,1,Y
IDCJAC0009,070222,1921,04,18,0.0,,Y
IDCJAC0009,070222,1921,04,19,0.0,,Y
IDCJAC0009,070222,1921,04,20,0.0,,Y
IDCJAC0009,070222,1921,04,21,0.0,,Y
IDCJAC0009,070222,1921,04,22,0.0,,Y
IDCJAC0009,070222,1921,04,23,0.0,,Y
IDCJAC0009,070222,1921,04,24,0.0,,Y
IDCJAC0009,070222,1921,04,25,0.0,,Y
IDCJAC0009,070222,1921,04,26,0.0,,Y
IDCJAC0009,070222,1921,04,27,0.0,,Y
IDCJAC0009,070222,1921,04,28,0.0,,Y
IDCJAC0009,070222,1921,04,29,0.0,,Y
IDCJAC0009,070222,1921,04,30,0.0,,Y
IDCJAC0009,070222,1921,05,01,0.0,,Y
IDCJAC0009,070222,1921,05,02,0.0,,Y
IDCJAC0009,070222,1921,05,03,0.0,,Y
IDCJAC0009,070222,1921,05,04,0.0,,Y
IDCJAC0009,070222,1921,05,05,0.0,,Y
IDCJAC0009,070222,1921,05,06,0.0,,Y
IDCJAC0009,070222,1921,05,07,5.1,1,Y
IDCJAC0009,070222,1921,05,08,0.0,,Y
IDCJAC0009,070222,1921,05,09,0.0,,Y
IDCJAC0009,070222,1921,05,10,12.2,1,Y
IDCJAC0009,070222,1921,05,11,0.0,,Y
IDCJAC0009,070222,1921,05,12,0.0,,Y
IDCJAC0009,070222,1921,05,13,0.0,,Y
IDCJAC0009,070222,1921,05,14,0.0,,Y
IDCJAC0009,070222,1921,05,15,0.0,,Y
IDCJAC0009,070222,1921,05,16,0.0,,Y
IDCJAC0009,070222,1921,05,17,2.0,1,Y
IDCJAC0009,070222,1921,05,18,7.1,1,Y
IDCJAC0009,070222,1921,05,19,3.0,1,Y
IDCJAC0009,070222,1921,05,20,0.0,,Y
IDCJAC0009,070222,1921,05,21,4.8,1,Y
IDCJAC0009,070222,1921,05,22,0.0,,Y
IDCJAC0009,070222,1921,05,23,0.0,,Y
IDCJAC0009,070222,1921,05,24,0.0,,Y
IDCJAC0009,070222,1921,05,25,0.0,,Y
IDCJAC0009,070222,1921,05,26,0.0,,Y
IDCJAC0009,070222,1921,05,27,0.0,,Y
IDCJAC0009,070222,1921,05,28,0.0,,Y
IDCJAC0009,070222,1921,05,29,0.0,,Y
IDCJAC0009,070222,1921,05,30,16.0,1,Y
IDCJAC0009,070222,1921,05,31,0.0,,Y
IDCJAC0009,070222,1921,06,01,0.0,,Y
IDCJAC0009,070222,1921,06,02,0.0,,Y
IDCJAC0009,070222,1921,06,03,0.0,,Y
IDCJAC0009,070222,1921,06,04,0.0,,Y
IDCJAC0009,070222,1921,06,05,0.0,,Y
IDCJAC0009,070222,1921,06,06,0.0,,Y
IDCJAC0009,070222,1921,06,07,0.0,,Y
IDCJAC0009,070222,1921,06,08,34.0,1,Y
IDCJAC0009,070222,1921,06,09,49.0,1,Y
IDCJAC0009,070222,1921,06,10,7.6,1,Y
IDCJAC0009,070222,1921,06,11,2.5,1,Y
IDCJAC0009,070222,1921,06,12,0.0,,Y
IDCJAC0009,070222,1921,06,13,0.0,,Y
IDCJAC0009,070222,1921,06,14,0.0,,Y
IDCJAC0009,070222,1921,06,15,0.0,,Y
IDCJAC0009,070222,1921,06,16,0.0,,Y
IDCJAC0009,070222,1921,06,17,0.0,,Y
IDCJAC0009,070222,1921,06,18,0.0,,Y
IDCJAC0009,070222,1921,06,19,0.0,,Y
IDCJAC0009,070222,1921,06,20,0.0,,Y
IDCJAC0009,070222,1921,06,21,0.0,,Y
IDCJAC0009,070222,1921,06,22,0.0,,Y
IDCJAC0009,070222,1921,06,23,0.0,,Y
IDCJAC0009,070222,1921,06,24,0.0,,Y
IDCJAC0009,070222,1921,06,25,0.0,,Y
IDCJAC0009,070222,1921,06,26,0.0,,Y
IDCJAC0009,070222,1921,06,27,0.0,,Y
IDCJAC0009,070222,1921,06,28,0.0,,Y
IDCJAC0009,070222,1921,06,29,0.0,,Y
IDCJAC0009,070222,1921,06,30,29.0,1,Y
IDCJAC0009,070222,1921,07,01,0.0,,Y
IDCJAC0009,070222,1921,07,02,6.4,1,Y
IDCJAC0009,070222,1921,07,03,0.0,,Y
IDCJAC0009,070222,1921,07,04,0.0,,Y
IDCJAC0009,070222,1921,07,05,0.0,,Y
IDCJAC0009,070222,1921,07,06,0.0,,Y
IDCJAC0009,070222,1921,07,07,0.0,,Y
IDCJAC0009,070222,1921,07,08,0.0,,Y
IDCJAC0009,070222,1921,07,09,0.0,,Y
IDCJAC0009,070222,1921,07,10,0.0,,Y
IDCJAC0009,070222,1921,07,11,0.0,,Y
IDCJAC0009,070222,1921,07,12,0.0,,Y
IDCJAC0009,070222,1921,07,13,0.0,,Y
IDCJAC0009,070222,1921,07,14,2.5,1,Y
IDCJAC0009,070222,1921,07,15,1.5,1,Y
IDCJAC0009,070222,1921,07,16,0.5,1,Y
IDCJAC0009,070222,1921,07,17,0.0,,Y
IDCJAC0009,070222,1921,07,18,0.0,,Y
IDCJAC0009,070222,1921,07,19,0.0,,Y
IDCJAC0009,070222,1921,07,20,0.0,,Y
IDCJAC0009,070222,1921,07,21,0.0,,Y
IDCJAC0009,070222,1921,07,22,0.0,,Y
IDCJAC0009,070222,1921,07,23,0.0,,Y
IDCJAC0009,070222,1921,07,24,0.0,,Y
IDCJAC0009,070222,1921,07,25,0.0,,Y
IDCJAC0009,070222,1921,07,26,0.0,,Y
IDCJAC0009,070222,1921,07,27,0.0,,Y
IDCJAC0009,070222,1921,07,28,0.0,,Y
IDCJAC0009,070222,1921,07,29,0.0,,Y
IDCJAC0009,070222,1921,07,30,5.6,1,Y
IDCJAC0009,070222,1921,07,31,0.0,,Y
IDCJAC0009,070222,1921,08,01,0.0,,Y
IDCJAC0009,070222,1921,08,02,0.0,,Y
IDCJAC0009,070222,1921,08,03,6.6,1,Y
IDCJAC0009,070222,1921,08,04,7.6,1,Y
IDCJAC0009,070222,1921,08,05,0.0,,Y
IDCJAC0009,070222,1921,08,06,0.0,,Y
IDCJAC0009,070222,1921,08,07,0.0,,Y
IDCJAC0009,070222,1921,08,08,0.0,,Y
IDCJAC0009,070222,1921,08,09,0.0,,Y
IDCJAC0009,070222,1921,08,10,0.0,,Y
IDCJAC0009,070222,1921,08,11,0.0,,Y
IDCJAC0009,070222,1921,08,12,21.8,1,Y
IDCJAC0009,070222,1921,08,13,0.0,,Y
IDCJAC0009,070222,1921,08,14,0.0,,Y
IDCJAC0009,070222,1921,08,15,0.0,,Y
IDCJAC0009,070222,1921,08,16,0.0,,Y
IDCJAC0009,070222,1921,08,17,0.0,,Y
IDCJAC0009,070222,1921,08,18,0.0,,Y
IDCJAC0009,070222,1921,08,19,0.0,,Y
IDCJAC0009,070222,1921,08,20,0.0,,Y
IDCJAC0009,070222,1921,08,21,0.0,,Y
IDCJAC0009,070222,1921,08,22,0.0,,Y
IDCJAC0009,070222,1921,08,23,7.9,1,Y
IDCJAC0009,070222,1921,08,24,0.0,,Y
IDCJAC0009,070222,1921,08,25,0.0,,Y
IDCJAC0009,070222,1921,08,26,0.0,,Y
IDCJAC0009,070222,1921,08,27,0.0,,Y
IDCJAC0009,070222,1921,08,28,0.0,,Y
IDCJAC0009,070222,1921,08,29,0.0,,Y
IDCJAC0009,070222,1921,08,30,0.0,,Y
IDCJAC0009,070222,1921,08,31,0.0,,Y
IDCJAC0009,070222,1921,09,01,0.0,,Y
IDCJAC0009,070222,1921,09,02,0.0,,Y
IDCJAC0009,070222,1921,09,03,0.0,,Y
IDCJAC0009,070222,1921,09,04,0.0,,Y
IDCJAC0009,070222,1921,09,05,0.0,,Y
IDCJAC0009,070222,1921,09,06,0.0,,Y
IDCJAC0009,070222,1921,09,07,0.0,,Y
IDCJAC0009,070222,1921,09,08,0.0,,Y
IDCJAC0009,070222,1921,09,09,23.1,1,Y
IDCJAC0009,070222,1921,09,10,16.8,1,Y
IDCJAC0009,070222,1921,09,11,0.0,,Y
IDCJAC0009,070222,1921,09,12,0.0,,Y
IDCJAC0009,070222,1921,09,13,0.0,,Y
IDCJAC0009,070222,1921,09,14,0.0,,Y
IDCJAC0009,070222,1921,09,15,0.0,,Y
IDCJAC0009,070222,1921,09,16,0.0,,Y
IDCJAC0009,070222,1921,09,17,9.1,1,Y
IDCJAC0009,070222,1921,09,18,6.4,1,Y
IDCJAC0009,070222,1921,09,19,0.0,,Y
IDCJAC0009,070222,1921,09,20,0.0,,Y
IDCJAC0009,070222,1921,09,21,0.0,,Y
IDCJAC0009,070222,1921,09,22,0.0,,Y
IDCJAC0009,070222,1921,09,23,0.0,,Y
IDCJAC0009,070222,1921,09,24,0.0,,Y
IDCJAC0009,070222,1921,09,25,0.0,,Y
IDCJAC0009,070222,1921,09,26,0.0,,Y
IDCJAC0009,070222,1921,09,27,0.0,,Y
IDCJAC0009,070222,1921,09,28,0.0,,Y
IDCJAC0009,070222,1921,09,29,0.0,,Y
IDCJAC0009,070222,1921,09,30,2.0,1,Y
IDCJAC0009,070222,1921,10,01,0.0,,Y
IDCJAC0009,070222,1921,10,02,0.0,,Y
IDCJAC0009,070222,1921,10,03,0.0,,Y
IDCJAC0009,070222,1921,10,04,0.0,,Y
IDCJAC0009,070222,1921,10,05,0.0,,Y
IDCJAC0009,070222,1921,10,06,0.0,,Y
IDCJAC0009,070222,1921,10,07,0.0,,Y
IDCJAC0009,070222,1921,10,08,0.0,,Y
IDCJAC0009,070222,1921,10,09,10.2,1,Y
IDCJAC0009,070222,1921,10,10,3.8,1,Y
IDCJAC0009,070222,1921,10,11,0.0,,Y
IDCJAC0009,070222,1921,10,12,0.0,,Y
IDCJAC0009,070222,1921,10,13,0.0,,Y
IDCJAC0009,070222,1921,10,14,0.0,,Y
IDCJAC0009,070222,1921,10,15,16.0,1,Y
IDCJAC0009,070222,1921,10,16,0.0,,Y
IDCJAC0009,070222,1921,10,17,0.0,,Y
IDCJAC0009,070222,1921,10,18,0.0,,Y
IDCJAC0009,070222,1921,10,19,0.0,,Y
IDCJAC0009,070222,1921,10,20,0.0,,Y
IDCJAC0009,070222,1921,10,21,0.0,,Y
IDCJAC0009,070222,1921,10,22,3.0,1,Y
IDCJAC0009,070222,1921,10,23,0.0,,Y
IDCJAC0009,070222,1921,10,24,0.0,,Y
IDCJAC0009,070222,1921,10,25,0.0,,Y
IDCJAC0009,070222,1921,10,26,0.0,,Y
IDCJAC0009,070222,1921,10,27,0.0,,Y
IDCJAC0009,070222,1921,10,28,0.0,,Y
IDCJAC0009,070222,1921,10,29,0.0,,Y
IDCJAC0009,070222,1921,10,30,0.0,,Y
IDCJAC0009,070222,1921,10,31,0.0,,Y
IDCJAC0009,070222,1921,11,01,4.1,1,Y
IDCJAC0009,070222,1921,11,02,0.0,,Y
IDCJAC0009,070222,1921,11,03,0.0,,Y
IDCJAC0009,070222,1921,11,04,0.0,,Y
IDCJAC0009,070222,1921,11,05,0.0,,Y
IDCJAC0009,070222,1921,11,06,0.0,,Y
IDCJAC0009,070222,1921,11,07,0.0,,Y
IDCJAC0009,070222,1921,11,08,0.0,,Y
IDCJAC0009,070222,1921,11,09,0.0,,Y
IDCJAC0009,070222,1921,11,10,0.0,,Y
IDCJAC0009,070222,1921,11,11,0.0,,Y
IDCJAC0009,070222,1921,11,12,0.0,,Y
IDCJAC0009,070222,1921,11,13,0.0,,Y
IDCJAC0009,070222,1921,11,14,0.0,,Y
IDCJAC0009,070222,1921,11,15,0.0,,Y
IDCJAC0009,070222,1921,11,16,0.0,,Y
IDCJAC0009,070222,1921,11,17,0.0,,Y
IDCJAC0009,070222,1921,11,18,0.0,,Y
IDCJAC0009,070222,1921,11,19,0.0,,Y
IDCJAC0009,070222,1921,11,20,24.4,1,Y
IDCJAC0009,070222,1921,11,21,0.0,,Y
IDCJAC0009,070222,1921,11,22,3.8,1,Y
IDCJAC0009,070222,1921,11,23,0.0,,Y
IDCJAC0009,070222,1921,11,24,0.0,,Y
IDCJAC0009,070222,1921,11,25,0.0,,Y
IDCJAC0009,070222,1921,11,26,0.0,,Y
IDCJAC0009,070222,1921,11,27,0.0,,Y
IDCJAC0009,070222,1921,11,28,0.0,,Y
IDCJAC0009,070222,1921,11,29,0.0,,Y
IDCJAC0009,070222,1921,11,30,0.0,,Y
IDCJAC0009,070222,1921,12,01,0.0,,Y
IDCJAC0009,070222,1921,12,02,0.0,,Y
IDCJAC0009,070222,1921,12,03,0.0,,Y
IDCJAC0009,070222,1921,12,04,0.0,,Y
IDCJAC0009,070222,1921,12,05,0.0,,Y
IDCJAC0009,070222,1921,12,06,0.0,,Y
IDCJAC0009,070222,1921,12,07,0.0,,Y
IDCJAC0009,070222,1921,12,08,0.0,,Y
IDCJAC0009,070222,1921,12,09,0.0,,Y
IDCJAC0009,070222,1921,12,10,0.0,,Y
IDCJAC0009,070222,1921,12,11,0.0,,Y
IDCJAC0009,070222,1921,12,12,0.0,,Y
IDCJAC0009,070222,1921,12,13,0.0,,Y
IDCJAC0009,070222,1921,12,14,0.0,,Y
IDCJAC0009,070222,1921,12,15,0.0,,Y
IDCJAC0009,070222,1921,12,16,0.0,,Y
IDCJAC0009,070222,1921,12,17,0.0,,Y
IDCJAC0009,070222,1921,12,18,0.0,,Y
IDCJAC0009,070222,1921,12,19,0.0,,Y
IDCJAC0009,070222,1921,12,20,0.0,,Y
IDCJAC0009,070222,1921,12,21,0.0,,Y
IDCJAC0009,070222,1921,12,22,11.7,1,Y
IDCJAC0009,070222,1921,12,23,37.3,1,Y
IDCJAC0009,070222,1921,12,24,2.5,1,Y
IDCJAC0009,070222,1921,12,25,0.0,,Y
IDCJAC0009,070222,1921,12,26,0.0,,Y
IDCJAC0009,070222,1921,12,27,35.6,1,Y
IDCJAC0009,070222,1921,12,28,0.0,,Y
IDCJAC0009,070222,1921,12,29,0.0,,Y
IDCJAC0009,070222,1921,12,30,0.0,,Y
IDCJAC0009,070222,1921,12,31,0.0,,Y
IDCJAC0009,070222,1922,01,01,0.0,,Y
IDCJAC0009,070222,1922,01,02,0.0,,Y
IDCJAC0009,070222,1922,01,03,0.0,,Y
IDCJAC0009,070222,1922,01,04,2.0,1,Y
IDCJAC0009,070222,1922,01,05,0.0,,Y
IDCJAC0009,070222,1922,01,06,0.0,,Y
IDCJAC0009,070222,1922,01,07,0.0,,Y
IDCJAC0009,070222,1922,01,08,3.0,1,Y
IDCJAC0009,070222,1922,01,09,0.0,,Y
IDCJAC0009,070222,1922,01,10,0.0,,Y
IDCJAC0009,070222,1922,01,11,0.0,,Y
IDCJAC0009,070222,1922,01,12,0.0,,Y
IDCJAC0009,070222,1922,01,13,25.9,1,Y
IDCJAC0009,070222,1922,01,14,0.0,,Y
IDCJAC0009,070222,1922,01,15,0.0,,Y
IDCJAC0009,070222,1922,01,16,0.0,,Y
IDCJAC0009,070222,1922,01,17,0.0,,Y
IDCJAC0009,070222,1922,01,18,0.0,,Y
IDCJAC0009,070222,1922,01,19,0.0,,Y
IDCJAC0009,070222,1922,01,20,15.2,1,Y
IDCJAC0009,070222,1922,01,21,0.0,,Y
IDCJAC0009,070222,1922,01,22,0.0,,Y
IDCJAC0009,070222,1922,01,23,0.0,,Y
IDCJAC0009,070222,1922,01,24,0.0,,Y
IDCJAC0009,070222,1922,01,25,0.0,,Y
IDCJAC0009,070222,1922,01,26,0.0,,Y
IDCJAC0009,070222,1922,01,27,0.0,,Y
IDCJAC0009,070222,1922,01,28,0.0,,Y
IDCJAC0009,070222,1922,01,29,0.0,,Y
IDCJAC0009,070222,1922,01,30,0.0,,Y
IDCJAC0009,070222,1922,01,31,0.0,,Y
IDCJAC0009,070222,1922,02,01,0.0,,Y
IDCJAC0009,070222,1922,02,02,0.0,,Y
IDCJAC0009,070222,1922,02,03,0.0,,Y
IDCJAC0009,070222,1922,02,04,0.0,,Y
IDCJAC0009,070222,1922,02,05,0.0,,Y
IDCJAC0009,070222,1922,02,06,0.0,,Y
IDCJAC0009,070222,1922,02,07,0.0,,Y
IDCJAC0009,070222,1922,02,08,0.0,,Y
IDCJAC0009,070222,1922,02,09,1.3,1,Y
IDCJAC0009,070222,1922,02,10,0.0,,Y
IDCJAC0009,070222,1922,02,11,0.0,,Y
IDCJAC0009,070222,1922,02,12,0.0,,Y
IDCJAC0009,070222,1922,02,13,0.0,,Y
IDCJAC0009,070222,1922,02,14,0.0,,Y
IDCJAC0009,070222,1922,02,15,0.0,,Y
IDCJAC0009,070222,1922,02,16,0.0,,Y
IDCJAC0009,070222,1922,02,17,0.0,,Y
IDCJAC0009,070222,1922,02,18,0.0,,Y
IDCJAC0009,070222,1922,02,19,0.0,,Y
IDCJAC0009,070222,1922,02,20,0.0,,Y
IDCJAC0009,070222,1922,02,21,0.0,,Y
IDCJAC0009,070222,1922,02,22,43.9,1,Y
IDCJAC0009,070222,1922,02,23,0.0,,Y
IDCJAC0009,070222,1922,02,24,0.0,,Y
IDCJAC0009,070222,1922,02,25,0.0,,Y
IDCJAC0009,070222,1922,02,26,0.0,,Y
IDCJAC0009,070222,1922,02,27,0.0,,Y
IDCJAC0009,070222,1922,02,28,5.1,1,Y
IDCJAC0009,070222,1922,03,01,2.5,1,Y
IDCJAC0009,070222,1922,03,02,0.0,,Y
IDCJAC0009,070222,1922,03,03,0.0,,Y
IDCJAC0009,070222,1922,03,04,0.0,,Y
IDCJAC0009,070222,1922,03,05,0.0,,Y
IDCJAC0009,070222,1922,03,06,0.0,,Y
IDCJAC0009,070222,1922,03,07,0.0,,Y
IDCJAC0009,070222,1922,03,08,0.0,,Y
IDCJAC0009,070222,1922,03,09,0.0,,Y
IDCJAC0009,070222,1922,03,10,0.0,,Y
IDCJAC0009,070222,1922,03,11,0.0,,Y
IDCJAC0009,070222,1922,03,12,0.0,,Y
IDCJAC0009,070222,1922,03,13,0.0,,Y
IDCJAC0009,070222,1922,03,14,0.0,,Y
IDCJAC0009,070222,1922,03,15,0.0,,Y
IDCJAC0009,070222,1922,03,16,0.0,,Y
IDCJAC0009,070222,1922,03,17,0.0,,Y
IDCJAC0009,070222,1922,03,18,0.0,,Y
IDCJAC0009,070222,1922,03,19,0.0,,Y
IDCJAC0009,070222,1922,03,20,0.0,,Y
IDCJAC0009,070222,1922,03,21,0.0,,Y
IDCJAC0009,070222,1922,03,22,0.0,,Y
IDCJAC0009,070222,1922,03,23,0.0,,Y
IDCJAC0009,070222,1922,03,24,0.0,,Y
IDCJAC0009,070222,1922,03,25,0.0,,Y
IDCJAC0009,070222,1922,03,26,0.0,,Y
IDCJAC0009,070222,1922,03,27,0.0,,Y
IDCJAC0009,070222,1922,03,28,0.0,,Y
IDCJAC0009,070222,1922,03,29,0.0,,Y
IDCJAC0009,070222,1922,03,30,0.0,,Y
IDCJAC0009,070222,1922,03,31,0.0,,Y
IDCJAC0009,070222,1922,04,01,0.0,,Y
IDCJAC0009,070222,1922,04,02,0.0,,Y
IDCJAC0009,070222,1922,04,03,0.0,,Y
IDCJAC0009,070222,1922,04,04,0.0,,Y
IDCJAC0009,070222,1922,04,05,9.9,1,Y
IDCJAC0009,070222,1922,04,06,4.1,1,Y
IDCJAC0009,070222,1922,04,07,0.0,,Y
IDCJAC0009,070222,1922,04,08,0.0,,Y
IDCJAC0009,070222,1922,04,09,0.0,,Y
IDCJAC0009,070222,1922,04,10,0.0,,Y
IDCJAC0009,070222,1922,04,11,0.0,,Y
IDCJAC0009,070222,1922,04,12,0.0,,Y
IDCJAC0009,070222,1922,04,13,0.0,,Y
IDCJAC0009,070222,1922,04,14,0.0,,Y
IDCJAC0009,070222,1922,04,15,0.0,,Y
IDCJAC0009,070222,1922,04,16,0.0,,Y
IDCJAC0009,070222,1922,04,17,0.0,,Y
IDCJAC0009,070222,1922,04,18,0.0,,Y
IDCJAC0009,070222,1922,04,19,0.0,,Y
IDCJAC0009,070222,1922,04,20,0.0,,Y
IDCJAC0009,070222,1922,04,21,0.0,,Y
IDCJAC0009,070222,1922,04,22,0.0,,Y
IDCJAC0009,070222,1922,04,23,0.0,,Y
IDCJAC0009,070222,1922,04,24,0.0,,Y
IDCJAC0009,070222,1922,04,25,0.0,,Y
IDCJAC0009,070222,1922,04,26,13.7,1,Y
IDCJAC0009,070222,1922,04,27,10.9,1,Y
IDCJAC0009,070222,1922,04,28,0.0,,Y
IDCJAC0009,070222,1922,04,29,0.0,,Y
IDCJAC0009,070222,1922,04,30,0.0,,Y
IDCJAC0009,070222,1922,05,01,0.0,,Y
IDCJAC0009,070222,1922,05,02,0.0,,Y
IDCJAC0009,070222,1922,05,03,0.0,,Y
IDCJAC0009,070222,1922,05,04,0.0,,Y
IDCJAC0009,070222,1922,05,05,0.0,,Y
IDCJAC0009,070222,1922,05,06,10.7,1,Y
IDCJAC0009,070222,1922,05,07,0.0,,Y
IDCJAC0009,070222,1922,05,08,0.0,,Y
IDCJAC0009,070222,1922,05,09,0.0,,Y
IDCJAC0009,070222,1922,05,10,0.0,,Y
IDCJAC0009,070222,1922,05,11,0.0,,Y
IDCJAC0009,070222,1922,05,12,0.0,,Y
IDCJAC0009,070222,1922,05,13,0.0,,Y
IDCJAC0009,070222,1922,05,14,0.0,,Y
IDCJAC0009,070222,1922,05,15,0.0,,Y
IDCJAC0009,070222,1922,05,16,0.0,,Y
IDCJAC0009,070222,1922,05,17,0.0,,Y
IDCJAC0009,070222,1922,05,18,0.0,,Y
IDCJAC0009,070222,1922,05,19,0.0,,Y
IDCJAC0009,070222,1922,05,20,0.0,,Y
IDCJAC0009,070222,1922,05,21,0.0,,Y
IDCJAC0009,070222,1922,05,22,0.0,,Y
IDCJAC0009,070222,1922,05,23,0.0,,Y
IDCJAC0009,070222,1922,05,24,0.0,,Y
IDCJAC0009,070222,1922,05,25,0.0,,Y
IDCJAC0009,070222,1922,05,26,0.0,,Y
IDCJAC0009,070222,1922,05,27,0.0,,Y
IDCJAC0009,070222,1922,05,28,0.0,,Y
IDCJAC0009,070222,1922,05,29,0.0,,Y
IDCJAC0009,070222,1922,05,30,0.0,,Y
IDCJAC0009,070222,1922,05,31,0.0,,Y
IDCJAC0009,070222,1922,06,01,0.0,,Y
IDCJAC0009,070222,1922,06,02,0.0,,Y
IDCJAC0009,070222,1922,06,03,0.0,,Y
IDCJAC0009,070222,1922,06,04,0.0,,Y
IDCJAC0009,070222,1922,06,05,0.0,,Y
IDCJAC0009,070222,1922,06,06,10.7,1,Y
IDCJAC0009,070222,1922,06,07,0.0,,Y
IDCJAC0009,070222,1922,06,08,9.9,1,Y
IDCJAC0009,070222,1922,06,09,0.0,,Y
IDCJAC0009,070222,1922,06,10,0.0,,Y
IDCJAC0009,070222,1922,06,11,0.0,,Y
IDCJAC0009,070222,1922,06,12,0.0,,Y
IDCJAC0009,070222,1922,06,13,0.0,,Y
IDCJAC0009,070222,1922,06,14,0.0,,Y
IDCJAC0009,070222,1922,06,15,0.0,,Y
IDCJAC0009,070222,1922,06,16,0.0,,Y
IDCJAC0009,070222,1922,06,17,0.0,,Y
IDCJAC0009,070222,1922,06,18,0.0,,Y
IDCJAC0009,070222,1922,06,19,0.0,,Y
IDCJAC0009,070222,1922,06,20,0.0,,Y
IDCJAC0009,070222,1922,06,21,0.0,,Y
IDCJAC0009,070222,1922,06,22,0.0,,Y
IDCJAC0009,070222,1922,06,23,0.0,,Y
IDCJAC0009,070222,1922,06,24,0.0,,Y
IDCJAC0009,070222,1922,06,25,0.0,,Y
IDCJAC0009,070222,1922,06,26,0.0,,Y
IDCJAC0009,070222,1922,06,27,11.7,1,Y
IDCJAC0009,070222,1922,06,28,0.0,,Y
IDCJAC0009,070222,1922,06,29,0.0,,Y
IDCJAC0009,070222,1922,06,30,0.0,,Y
IDCJAC0009,070222,1922,07,01,0.0,,Y
IDCJAC0009,070222,1922,07,02,0.0,,Y
IDCJAC0009,070222,1922,07,03,0.0,,Y
IDCJAC0009,070222,1922,07,04,0.0,,Y
IDCJAC0009,070222,1922,07,05,0.0,,Y
IDCJAC0009,070222,1922,07,06,13.2,1,Y
IDCJAC0009,070222,1922,07,07,9.7,1,Y
IDCJAC0009,070222,1922,07,08,0.0,,Y
IDCJAC0009,070222,1922,07,09,0.0,,Y
IDCJAC0009,070222,1922,07,10,0.0,,Y
IDCJAC0009,070222,1922,07,11,0.0,,Y
IDCJAC0009,070222,1922,07,12,0.0,,Y
IDCJAC0009,070222,1922,07,13,0.0,,Y
IDCJAC0009,070222,1922,07,14,0.0,,Y
IDCJAC0009,070222,1922,07,15,0.0,,Y
IDCJAC0009,070222,1922,07,16,35.8,1,Y
IDCJAC0009,070222,1922,07,17,8.4,1,Y
IDCJAC0009,070222,1922,07,18,0.0,,Y
IDCJAC0009,070222,1922,07,19,0.0,,Y
IDCJAC0009,070222,1922,07,20,0.0,,Y
IDCJAC0009,070222,1922,07,21,0.0,,Y
IDCJAC0009,070222,1922,07,22,0.0,,Y
IDCJAC0009,070222,1922,07,23,0.0,,Y
IDCJAC0009,070222,1922,07,24,6.6,1,Y
IDCJAC0009,070222,1922,07,25,59.4,1,Y
IDCJAC0009,070222,1922,07,26,77.2,1,Y
IDCJAC0009,070222,1922,07,27,18.8,1,Y
IDCJAC0009,070222,1922,07,28,0.0,,Y
IDCJAC0009,070222,1922,07,29,0.0,,Y
IDCJAC0009,070222,1922,07,30,0.0,,Y
IDCJAC0009,070222,1922,07,31,0.0,,Y
IDCJAC0009,070222,1922,08,01,0.0,,Y
IDCJAC0009,070222,1922,08,02,0.0,,Y
IDCJAC0009,070222,1922,08,03,0.0,,Y
IDCJAC0009,070222,1922,08,04,0.0,,Y
IDCJAC0009,070222,1922,08,05,1.8,1,Y
IDCJAC0009,070222,1922,08,06,0.0,,Y
IDCJAC0009,070222,1922,08,07,0.0,,Y
IDCJAC0009,070222,1922,08,08,0.0,,Y
IDCJAC0009,070222,1922,08,09,0.0,,Y
IDCJAC0009,070222,1922,08,10,0.0,,Y
IDCJAC0009,070222,1922,08,11,0.0,,Y
IDCJAC0009,070222,1922,08,12,0.0,,Y
IDCJAC0009,070222,1922,08,13,0.0,,Y
IDCJAC0009,070222,1922,08,14,0.0,,Y
IDCJAC0009,070222,1922,08,15,0.0,,Y
IDCJAC0009,070222,1922,08,16,0.0,,Y
IDCJAC0009,070222,1922,08,17,6.6,1,Y
IDCJAC0009,070222,1922,08,18,0.0,,Y
IDCJAC0009,070222,1922,08,19,0.0,,Y
IDCJAC0009,070222,1922,08,20,0.0,,Y
IDCJAC0009,070222,1922,08,21,0.0,,Y
IDCJAC0009,070222,1922,08,22,0.0,,Y
IDCJAC0009,070222,1922,08,23,0.0,,Y
IDCJAC0009,070222,1922,08,24,0.0,,Y
IDCJAC0009,070222,1922,08,25,0.0,,Y
IDCJAC0009,070222,1922,08,26,0.0,,Y
IDCJAC0009,070222,1922,08,27,0.0,,Y
IDCJAC0009,070222,1922,08,28,0.0,,Y
IDCJAC0009,070222,1922,08,29,0.0,,Y
IDCJAC0009,070222,1922,08,30,0.0,,Y
IDCJAC0009,070222,1922,08,31,0.0,,Y
IDCJAC0009,070222,1922,09,01,0.0,,Y
IDCJAC0009,070222,1922,09,02,0.0,,Y
IDCJAC0009,070222,1922,09,03,0.0,,Y
IDCJAC0009,070222,1922,09,04,0.0,,Y
IDCJAC0009,070222,1922,09,05,0.0,,Y
IDCJAC0009,070222,1922,09,06,0.0,,Y
IDCJAC0009,070222,1922,09,07,0.0,,Y
IDCJAC0009,070222,1922,09,08,0.0,,Y
IDCJAC0009,070222,1922,09,09,0.0,,Y
IDCJAC0009,070222,1922,09,10,0.0,,Y
IDCJAC0009,070222,1922,09,11,0.0,,Y
IDCJAC0009,070222,1922,09,12,0.0,,Y
IDCJAC0009,070222,1922,09,13,0.0,,Y
IDCJAC0009,070222,1922,09,14,5.1,1,Y
IDCJAC0009,070222,1922,09,15,2.8,1,Y
IDCJAC0009,070222,1922,09,16,0.0,,Y
IDCJAC0009,070222,1922,09,17,0.0,,Y
IDCJAC0009,070222,1922,09,18,0.0,,Y
IDCJAC0009,070222,1922,09,19,0.0,,Y
IDCJAC0009,070222,1922,09,20,0.0,,Y
IDCJAC0009,070222,1922,09,21,0.0,,Y
IDCJAC0009,070222,1922,09,22,0.0,,Y
IDCJAC0009,070222,1922,09,23,0.0,,Y
IDCJAC0009,070222,1922,09,24,0.0,,Y
IDCJAC0009,070222,1922,09,25,0.0,,Y
IDCJAC0009,070222,1922,09,26,0.0,,Y
IDCJAC0009,070222,1922,09,27,0.0,,Y
IDCJAC0009,070222,1922,09,28,0.0,,Y
IDCJAC0009,070222,1922,09,29,0.0,,Y
IDCJAC0009,070222,1922,09,30,0.0,,Y
IDCJAC0009,070222,1922,10,01,0.0,,Y
IDCJAC0009,070222,1922,10,02,0.0,,Y
IDCJAC0009,070222,1922,10,03,0.0,,Y
IDCJAC0009,070222,1922,10,04,0.0,,Y
IDCJAC0009,070222,1922,10,05,0.0,,Y
IDCJAC0009,070222,1922,10,06,0.0,,Y
IDCJAC0009,070222,1922,10,07,0.0,,Y
IDCJAC0009,070222,1922,10,08,0.0,,Y
IDCJAC0009,070222,1922,10,09,0.0,,Y
IDCJAC0009,070222,1922,10,10,0.0,,Y
IDCJAC0009,070222,1922,10,11,0.0,,Y
IDCJAC0009,070222,1922,10,12,0.0,,Y
IDCJAC0009,070222,1922,10,13,0.0,,Y
IDCJAC0009,070222,1922,10,14,0.0,,Y
IDCJAC0009,070222,1922,10,15,0.0,,Y
IDCJAC0009,070222,1922,10,16,3.8,1,Y
IDCJAC0009,070222,1922,10,17,0.0,,Y
IDCJAC0009,070222,1922,10,18,0.0,,Y
IDCJAC0009,070222,1922,10,19,0.0,,Y
IDCJAC0009,070222,1922,10,20,0.0,,Y
IDCJAC0009,070222,1922,10,21,0.0,,Y
IDCJAC0009,070222,1922,10,22,0.0,,Y
IDCJAC0009,070222,1922,10,23,0.0,,Y
IDCJAC0009,070222,1922,10,24,0.0,,Y
IDCJAC0009,070222,1922,10,25,3.0,1,Y
IDCJAC0009,070222,1922,10,26,0.0,,Y
IDCJAC0009,070222,1922,10,27,15.5,1,Y
IDCJAC0009,070222,1922,10,28,0.0,,Y
IDCJAC0009,070222,1922,10,29,0.0,,Y
IDCJAC0009,070222,1922,10,30,0.0,,Y
IDCJAC0009,070222,1922,10,31,0.0,,Y
IDCJAC0009,070222,1922,11,01,0.0,,Y
IDCJAC0009,070222,1922,11,02,0.0,,Y
IDCJAC0009,070222,1922,11,03,0.0,,Y
IDCJAC0009,070222,1922,11,04,0.0,,Y
IDCJAC0009,070222,1922,11,05,0.0,,Y
IDCJAC0009,070222,1922,11,06,0.0,,Y
IDCJAC0009,070222,1922,11,07,0.0,,Y
IDCJAC0009,070222,1922,11,08,0.0,,Y
IDCJAC0009,070222,1922,11,09,0.0,,Y
IDCJAC0009,070222,1922,11,10,0.0,,Y
IDCJAC0009,070222,1922,11,11,0.0,,Y
IDCJAC0009,070222,1922,11,12,0.0,,Y
IDCJAC0009,070222,1922,11,13,0.0,,Y
IDCJAC0009,070222,1922,11,14,0.0,,Y
IDCJAC0009,070222,1922,11,15,0.0,,Y
IDCJAC0009,070222,1922,11,16,0.0,,Y
IDCJAC0009,070222,1922,11,17,0.0,,Y
IDCJAC0009,070222,1922,11,18,0.0,,Y
IDCJAC0009,070222,1922,11,19,0.0,,Y
IDCJAC0009,070222,1922,11,20,0.0,,Y
IDCJAC0009,070222,1922,11,21,0.0,,Y
IDCJAC0009,070222,1922,11,22,0.0,,Y
IDCJAC0009,070222,1922,11,23,0.0,,Y
IDCJAC0009,070222,1922,11,24,0.0,,Y
IDCJAC0009,070222,1922,11,25,0.0,,Y
IDCJAC0009,070222,1922,11,26,0.0,,Y
IDCJAC0009,070222,1922,11,27,0.0,,Y
IDCJAC0009,070222,1922,11,28,0.0,,Y
IDCJAC0009,070222,1922,11,29,0.0,,Y
IDCJAC0009,070222,1922,11,30,0.0,,Y
IDCJAC0009,070222,1922,12,01,0.0,,Y
IDCJAC0009,070222,1922,12,02,0.0,,Y
IDCJAC0009,070222,1922,12,03,0.0,,Y
IDCJAC0009,070222,1922,12,04,0.0,,Y
IDCJAC0009,070222,1922,12,05,0.0,,Y
IDCJAC0009,070222,1922,12,06,0.0,,Y
IDCJAC0009,070222,1922,12,07,15.2,1,Y
IDCJAC0009,070222,1922,12,08,0.0,,Y
IDCJAC0009,070222,1922,12,09,0.0,,Y
IDCJAC0009,070222,1922,12,10,0.0,,Y
IDCJAC0009,070222,1922,12,11,0.0,,Y
IDCJAC0009,070222,1922,12,12,0.0,,Y
IDCJAC0009,070222,1922,12,13,0.0,,Y
IDCJAC0009,070222,1922,12,14,0.0,,Y
IDCJAC0009,070222,1922,12,15,0.0,,Y
IDCJAC0009,070222,1922,12,16,0.0,,Y
IDCJAC0009,070222,1922,12,17,0.0,,Y
IDCJAC0009,070222,1922,12,18,0.0,,Y
IDCJAC0009,070222,1922,12,19,0.0,,Y
IDCJAC0009,070222,1922,12,20,3.8,1,Y
IDCJAC0009,070222,1922,12,21,0.0,,Y
IDCJAC0009,070222,1922,12,22,0.0,,Y
IDCJAC0009,070222,1922,12,23,0.0,,Y
IDCJAC0009,070222,1922,12,24,0.0,,Y
IDCJAC0009,070222,1922,12,25,0.0,,Y
IDCJAC0009,070222,1922,12,26,0.0,,Y
IDCJAC0009,070222,1922,12,27,0.0,,Y
IDCJAC0009,070222,1922,12,28,0.0,,Y
IDCJAC0009,070222,1922,12,29,0.0,,Y
IDCJAC0009,070222,1922,12,30,0.0,,Y
IDCJAC0009,070222,1922,12,31,3.8,1,Y
IDCJAC0009,070222,1923,01,01,0.0,,Y
IDCJAC0009,070222,1923,01,02,0.0,,Y
IDCJAC0009,070222,1923,01,03,0.0,,Y
IDCJAC0009,070222,1923,01,04,0.0,,Y
IDCJAC0009,070222,1923,01,05,0.0,,Y
IDCJAC0009,070222,1923,01,06,0.0,,Y
IDCJAC0009,070222,1923,01,07,8.1,1,Y
IDCJAC0009,070222,1923,01,08,0.0,,Y
IDCJAC0009,070222,1923,01,09,0.0,,Y
IDCJAC0009,070222,1923,01,10,0.0,,Y
IDCJAC0009,070222,1923,01,11,0.0,,Y
IDCJAC0009,070222,1923,01,12,0.0,,Y
IDCJAC0009,070222,1923,01,13,5.6,1,Y
IDCJAC0009,070222,1923,01,14,0.0,,Y
IDCJAC0009,070222,1923,01,15,1.3,1,Y
IDCJAC0009,070222,1923,01,16,0.0,,Y
IDCJAC0009,070222,1923,01,17,0.0,,Y
IDCJAC0009,070222,1923,01,18,1.3,1,Y
IDCJAC0009,070222,1923,01,19,0.0,,Y
IDCJAC0009,070222,1923,01,20,0.0,,Y
IDCJAC0009,070222,1923,01,21,0.0,,Y
IDCJAC0009,070222,1923,01,22,0.0,,Y
IDCJAC0009,070222,1923,01,23,0.0,,Y
IDCJAC0009,070222,1923,01,24,0.0,,Y
IDCJAC0009,070222,1923,01,25,12.7,1,Y
IDCJAC0009,070222,1923,01,26,14.2,1,Y
IDCJAC0009,070222,1923,01,27,0.0,,Y
IDCJAC0009,070222,1923,01,28,0.0,,Y
IDCJAC0009,070222,1923,01,29,0.0,,Y
IDCJAC0009,070222,1923,01,30,0.0,,Y
IDCJAC0009,070222,1923,01,31,0.0,,Y
IDCJAC0009,070222,1923,02,01,0.0,,Y
IDCJAC0009,070222,1923,02,02,0.0,,Y
IDCJAC0009,070222,1923,02,03,0.0,,Y
IDCJAC0009,070222,1923,02,04,0.0,,Y
IDCJAC0009,070222,1923,02,05,0.0,,Y
IDCJAC0009,070222,1923,02,06,0.0,,Y
IDCJAC0009,070222,1923,02,07,0.0,,Y
IDCJAC0009,070222,1923,02,08,0.0,,Y
IDCJAC0009,070222,1923,02,09,0.0,,Y
IDCJAC0009,070222,1923,02,10,0.0,,Y
IDCJAC0009,070222,1923,02,11,0.0,,Y
IDCJAC0009,070222,1923,02,12,0.0,,Y
IDCJAC0009,070222,1923,02,13,0.0,,Y
IDCJAC0009,070222,1923,02,14,0.0,,Y
IDCJAC0009,070222,1923,02,15,0.0,,Y
IDCJAC0009,070222,1923,02,16,0.0,,Y
IDCJAC0009,070222,1923,02,17,0.0,,Y
IDCJAC0009,070222,1923,02,18,0.0,,Y
IDCJAC0009,070222,1923,02,19,0.0,,Y
IDCJAC0009,070222,1923,02,20,0.0,,Y
IDCJAC0009,070222,1923,02,21,0.0,,Y
IDCJAC0009,070222,1923,02,22,0.0,,Y
IDCJAC0009,070222,1923,02,23,0.0,,Y
IDCJAC0009,070222,1923,02,24,0.0,,Y
IDCJAC0009,070222,1923,02,25,0.0,,Y
IDCJAC0009,070222,1923,02,26,0.0,,Y
IDCJAC0009,070222,1923,02,27,0.0,,Y
IDCJAC0009,070222,1923,02,28,0.0,,Y
IDCJAC0009,070222,1923,03,01,0.0,,Y
IDCJAC0009,070222,1923,03,02,0.0,,Y
IDCJAC0009,070222,1923,03,03,0.0,,Y
IDCJAC0009,070222,1923,03,04,0.0,,Y
IDCJAC0009,070222,1923,03,05,0.0,,Y
IDCJAC0009,070222,1923,03,06,0.0,,Y
IDCJAC0009,070222,1923,03,07,0.0,,Y
IDCJAC0009,070222,1923,03,08,0.0,,Y
IDCJAC0009,070222,1923,03,09,0.0,,Y
IDCJAC0009,070222,1923,03,10,0.0,,Y
IDCJAC0009,070222,1923,03,11,1.5,1,Y
IDCJAC0009,070222,1923,03,12,0.0,,Y
IDCJAC0009,070222,1923,03,13,0.0,,Y
IDCJAC0009,070222,1923,03,14,0.0,,Y
IDCJAC0009,070222,1923,03,15,0.0,,Y
IDCJAC0009,070222,1923,03,16,0.0,,Y
IDCJAC0009,070222,1923,03,17,0.0,,Y
IDCJAC0009,070222,1923,03,18,3.8,1,Y
IDCJAC0009,070222,1923,03,19,3.8,1,Y
IDCJAC0009,070222,1923,03,20,0.0,,Y
IDCJAC0009,070222,1923,03,21,0.0,,Y
IDCJAC0009,070222,1923,03,22,0.0,,Y
IDCJAC0009,070222,1923,03,23,0.0,,Y
IDCJAC0009,070222,1923,03,24,0.0,,Y
IDCJAC0009,070222,1923,03,25,0.0,,Y
IDCJAC0009,070222,1923,03,26,0.0,,Y
IDCJAC0009,070222,1923,03,27,0.0,,Y
IDCJAC0009,070222,1923,03,28,0.0,,Y
IDCJAC0009,070222,1923,03,29,0.0,,Y
IDCJAC0009,070222,1923,03,30,0.0,,Y
IDCJAC0009,070222,1923,03,31,0.0,,Y
IDCJAC0009,070222,1923,04,01,0.0,,Y
IDCJAC0009,070222,1923,04,02,0.0,,Y
IDCJAC0009,070222,1923,04,03,0.0,,Y
IDCJAC0009,070222,1923,04,04,0.0,,Y
IDCJAC0009,070222,1923,04,05,0.0,,Y
IDCJAC0009,070222,1923,04,06,0.0,,Y
IDCJAC0009,070222,1923,04,07,0.0,,Y
IDCJAC0009,070222,1923,04,08,0.0,,Y
IDCJAC0009,070222,1923,04,09,0.0,,Y
IDCJAC0009,070222,1923,04,10,0.0,,Y
IDCJAC0009,070222,1923,04,11,0.0,,Y
IDCJAC0009,070222,1923,04,12,0.0,,Y
IDCJAC0009,070222,1923,04,13,0.0,,Y
IDCJAC0009,070222,1923,04,14,0.0,,Y
IDCJAC0009,070222,1923,04,15,0.0,,Y
IDCJAC0009,070222,1923,04,16,0.0,,Y
IDCJAC0009,070222,1923,04,17,0.0,,Y
IDCJAC0009,070222,1923,04,18,0.0,,Y
IDCJAC0009,070222,1923,04,19,3.0,1,Y
IDCJAC0009,070222,1923,04,20,4.1,1,Y
IDCJAC0009,070222,1923,04,21,0.0,,Y
IDCJAC0009,070222,1923,04,22,0.0,,Y
IDCJAC0009,070222,1923,04,23,0.0,,Y
IDCJAC0009,070222,1923,04,24,0.0,,Y
IDCJAC0009,070222,1923,04,25,0.0,,Y
IDCJAC0009,070222,1923,04,26,0.0,,Y
IDCJAC0009,070222,1923,04,27,0.0,,Y
IDCJAC0009,070222,1923,04,28,0.0,,Y
IDCJAC0009,070222,1923,04,29,0.0,,Y
IDCJAC0009,070222,1923,04,30,0.0,,Y
IDCJAC0009,070222,1923,05,01,0.0,,Y
IDCJAC0009,070222,1923,05,02,0.0,,Y
IDCJAC0009,070222,1923,05,03,0.0,,Y
IDCJAC0009,070222,1923,05,04,0.0,,Y
IDCJAC0009,070222,1923,05,05,6.4,1,Y
IDCJAC0009,070222,1923,05,06,2.3,1,Y
IDCJAC0009,070222,1923,05,07,9.7,1,Y
IDCJAC0009,070222,1923,05,08,0.0,,Y
IDCJAC0009,070222,1923,05,09,0.0,,Y
IDCJAC0009,070222,1923,05,10,0.0,,Y
IDCJAC0009,070222,1923,05,11,0.0,,Y
IDCJAC0009,070222,1923,05,12,0.0,,Y
IDCJAC0009,070222,1923,05,13,0.0,,Y
IDCJAC0009,070222,1923,05,14,0.0,,Y
IDCJAC0009,070222,1923,05,15,0.0,,Y
IDCJAC0009,070222,1923,05,16,0.0,,Y
IDCJAC0009,070222,1923,05,17,0.0,,Y
IDCJAC0009,070222,1923,05,18,0.0,,Y
IDCJAC0009,070222,1923,05,19,0.0,,Y
IDCJAC0009,070222,1923,05,20,0.0,,Y
IDCJAC0009,070222,1923,05,21,0.0,,Y
IDCJAC0009,070222,1923,05,22,3.0,1,Y
IDCJAC0009,070222,1923,05,23,0.0,,Y
IDCJAC0009,070222,1923,05,24,0.0,,Y
IDCJAC0009,070222,1923,05,25,0.0,,Y
IDCJAC0009,070222,1923,05,26,0.0,,Y
IDCJAC0009,070222,1923,05,27,0.0,,Y
IDCJAC0009,070222,1923,05,28,0.0,,Y
IDCJAC0009,070222,1923,05,29,0.0,,Y
IDCJAC0009,070222,1923,05,30,0.0,,Y
IDCJAC0009,070222,1923,05,31,2.8,1,Y
IDCJAC0009,070222,1923,06,01,0.0,,Y
IDCJAC0009,070222,1923,06,02,0.0,,Y
IDCJAC0009,070222,1923,06,03,9.4,1,Y
IDCJAC0009,070222,1923,06,04,45.7,1,Y
IDCJAC0009,070222,1923,06,05,10.9,1,Y
IDCJAC0009,070222,1923,06,06,0.0,,Y
IDCJAC0009,070222,1923,06,07,0.0,,Y
IDCJAC0009,070222,1923,06,08,0.0,,Y
IDCJAC0009,070222,1923,06,09,0.0,,Y
IDCJAC0009,070222,1923,06,10,5.6,1,Y
IDCJAC0009,070222,1923,06,11,1.3,1,Y
IDCJAC0009,070222,1923,06,12,2.8,1,Y
IDCJAC0009,070222,1923,06,13,0.0,,Y
IDCJAC0009,070222,1923,06,14,0.0,,Y
IDCJAC0009,070222,1923,06,15,0.0,,Y
IDCJAC0009,070222,1923,06,16,0.0,,Y
IDCJAC0009,070222,1923,06,17,0.0,,Y
IDCJAC0009,070222,1923,06,18,0.0,,Y
IDCJAC0009,070222,1923,06,19,0.0,,Y
IDCJAC0009,070222,1923,06,20,0.0,,Y
IDCJAC0009,070222,1923,06,21,0.0,,Y
IDCJAC0009,070222,1923,06,22,0.0,,Y
IDCJAC0009,070222,1923,06,23,0.0,,Y
IDCJAC0009,070222,1923,06,24,6.1,1,Y
IDCJAC0009,070222,1923,06,25,2.5,1,Y
IDCJAC0009,070222,1923,06,26,10.2,1,Y
IDCJAC0009,070222,1923,06,27,0.0,,Y
IDCJAC0009,070222,1923,06,28,0.0,,Y
IDCJAC0009,070222,1923,06,29,0.0,,Y
IDCJAC0009,070222,1923,06,30,0.0,,Y
IDCJAC0009,070222,1923,07,01,5.6,1,Y
IDCJAC0009,070222,1923,07,02,3.8,1,Y
IDCJAC0009,070222,1923,07,03,6.6,1,Y
IDCJAC0009,070222,1923,07,04,0.0,,Y
IDCJAC0009,070222,1923,07,05,0.0,,Y
IDCJAC0009,070222,1923,07,06,0.0,,Y
IDCJAC0009,070222,1923,07,07,3.8,1,Y
IDCJAC0009,070222,1923,07,08,0.0,,Y
IDCJAC0009,070222,1923,07,09,0.0,,Y
IDCJAC0009,070222,1923,07,10,0.0,,Y
IDCJAC0009,070222,1923,07,11,0.0,,Y
IDCJAC0009,070222,1923,07,12,0.0,,Y
IDCJAC0009,070222,1923,07,13,0.0,,Y
IDCJAC0009,070222,1923,07,14,0.0,,Y
IDCJAC0009,070222,1923,07,15,0.0,,Y
IDCJAC0009,070222,1923,07,16,2.3,1,Y
IDCJAC0009,070222,1923,07,17,3.8,1,Y
IDCJAC0009,070222,1923,07,18,0.0,,Y
IDCJAC0009,070222,1923,07,19,0.0,,Y
IDCJAC0009,070222,1923,07,20,0.0,,Y
IDCJAC0009,070222,1923,07,21,0.0,,Y
IDCJAC0009,070222,1923,07,22,0.0,,Y
IDCJAC0009,070222,1923,07,23,0.0,,Y
IDCJAC0009,070222,1923,07,24,0.0,,Y
IDCJAC0009,070222,1923,07,25,0.0,,Y
IDCJAC0009,070222,1923,07,26,0.0,,Y
IDCJAC0009,070222,1923,07,27,0.0,,Y
IDCJAC0009,070222,1923,07,28,0.0,,Y
IDCJAC0009,070222,1923,07,29,0.0,,Y
IDCJAC0009,070222,1923,07,30,3.8,1,Y
IDCJAC0009,070222,1923,07,31,11.7,1,Y
IDCJAC0009,070222,1923,08,01,0.0,,Y
IDCJAC0009,070222,1923,08,02,0.0,,Y
IDCJAC0009,070222,1923,08,03,0.0,,Y
IDCJAC0009,070222,1923,08,04,0.0,,Y
IDCJAC0009,070222,1923,08,05,2.3,1,Y
IDCJAC0009,070222,1923,08,06,0.0,,Y
IDCJAC0009,070222,1923,08,07,0.0,,Y
IDCJAC0009,070222,1923,08,08,0.0,,Y
IDCJAC0009,070222,1923,08,09,0.0,,Y
IDCJAC0009,070222,1923,08,10,0.0,,Y
IDCJAC0009,070222,1923,08,11,0.0,,Y
IDCJAC0009,070222,1923,08,12,0.0,,Y
IDCJAC0009,070222,1923,08,13,0.0,,Y
IDCJAC0009,070222,1923,08,14,0.0,,Y
IDCJAC0009,070222,1923,08,15,0.0,,Y
IDCJAC0009,070222,1923,08,16,0.0,,Y
IDCJAC0009,070222,1923,08,17,0.0,,Y
IDCJAC0009,070222,1923,08,18,0.0,,Y
IDCJAC0009,070222,1923,08,19,0.0,,Y
IDCJAC0009,070222,1923,08,20,0.0,,Y
IDCJAC0009,070222,1923,08,21,0.0,,Y
IDCJAC0009,070222,1923,08,22,0.0,,Y
IDCJAC0009,070222,1923,08,23,0.0,,Y
IDCJAC0009,070222,1923,08,24,0.0,,Y
IDCJAC0009,070222,1923,08,25,0.0,,Y
IDCJAC0009,070222,1923,08,26,0.0,,Y
IDCJAC0009,070222,1923,08,27,0.0,,Y
IDCJAC0009,070222,1923,08,28,0.0,,Y
IDCJAC0009,070222,1923,08,29,14.0,1,Y
IDCJAC0009,070222,1923,08,30,0.0,,Y
IDCJAC0009,070222,1923,08,31,0.0,,Y
IDCJAC0009,070222,1923,09,01,0.0,,Y
IDCJAC0009,070222,1923,09,02,0.0,,Y
IDCJAC0009,070222,1923,09,03,0.0,,Y
IDCJAC0009,070222,1923,09,04,22.4,1,Y
IDCJAC0009,070222,1923,09,05,21.1,1,Y
IDCJAC0009,070222,1923,09,06,0.0,,Y
IDCJAC0009,070222,1923,09,07,0.0,,Y
IDCJAC0009,070222,1923,09,08,0.0,,Y
IDCJAC0009,070222,1923,09,09,0.0,,Y
IDCJAC0009,070222,1923,09,10,0.0,,Y
IDCJAC0009,070222,1923,09,11,0.0,,Y
IDCJAC0009,070222,1923,09,12,0.0,,Y
IDCJAC0009,070222,1923,09,13,0.0,,Y
IDCJAC0009,070222,1923,09,14,0.0,,Y
IDCJAC0009,070222,1923,09,15,0.0,,Y
IDCJAC0009,070222,1923,09,16,0.0,,Y
IDCJAC0009,070222,1923,09,17,2.3,1,Y
IDCJAC0009,070222,1923,09,18,0.0,,Y
IDCJAC0009,070222,1923,09,19,0.0,,Y
IDCJAC0009,070222,1923,09,20,0.0,,Y
IDCJAC0009,070222,1923,09,21,1.3,1,Y
IDCJAC0009,070222,1923,09,22,0.0,,Y
IDCJAC0009,070222,1923,09,23,0.0,,Y
IDCJAC0009,070222,1923,09,24,0.0,,Y
IDCJAC0009,070222,1923,09,25,0.0,,Y
IDCJAC0009,070222,1923,09,26,0.0,,Y
IDCJAC0009,070222,1923,09,27,0.0,,Y
IDCJAC0009,070222,1923,09,28,0.0,,Y
IDCJAC0009,070222,1923,09,29,0.0,,Y
IDCJAC0009,070222,1923,09,30,0.0,,Y
IDCJAC0009,070222,1923,10,01,7.6,1,Y
IDCJAC0009,070222,1923,10,02,0.0,,Y
IDCJAC0009,070222,1923,10,03,0.0,,Y
IDCJAC0009,070222,1923,10,04,0.0,,Y
IDCJAC0009,070222,1923,10,05,0.0,,Y
IDCJAC0009,070222,1923,10,06,0.0,,Y
IDCJAC0009,070222,1923,10,07,0.0,,Y
IDCJAC0009,070222,1923,10,08,12.7,1,Y
IDCJAC0009,070222,1923,10,09,0.0,,Y
IDCJAC0009,070222,1923,10,10,5.3,1,Y
IDCJAC0009,070222,1923,10,11,0.0,,Y
IDCJAC0009,070222,1923,10,12,4.3,1,Y
IDCJAC0009,070222,1923,10,13,0.0,,Y
IDCJAC0009,070222,1923,10,14,0.0,,Y
IDCJAC0009,070222,1923,10,15,0.0,,Y
IDCJAC0009,070222,1923,10,16,0.0,,Y
IDCJAC0009,070222,1923,10,17,0.0,,Y
IDCJAC0009,070222,1923,10,18,0.0,,Y
IDCJAC0009,070222,1923,10,19,0.0,,Y
IDCJAC0009,070222,1923,10,20,0.0,,Y
IDCJAC0009,070222,1923,10,21,0.0,,Y
IDCJAC0009,070222,1923,10,22,0.0,,Y
IDCJAC0009,070222,1923,10,23,0.0,,Y
IDCJAC0009,070222,1923,10,24,0.0,,Y
IDCJAC0009,070222,1923,10,25,0.0,,Y
IDCJAC0009,070222,1923,10,26,0.0,,Y
IDCJAC0009,070222,1923,10,27,0.0,,Y
IDCJAC0009,070222,1923,10,28,0.0,,Y
IDCJAC0009,070222,1923,10,29,0.0,,Y
IDCJAC0009,070222,1923,10,30,1.8,1,Y
IDCJAC0009,070222,1923,10,31,55.9,1,Y
IDCJAC0009,070222,1923,11,01,0.0,,Y
IDCJAC0009,070222,1923,11,02,0.0,,Y
IDCJAC0009,070222,1923,11,03,0.0,,Y
IDCJAC0009,070222,1923,11,04,0.0,,Y
IDCJAC0009,070222,1923,11,05,40.9,1,Y
IDCJAC0009,070222,1923,11,06,0.0,,Y
IDCJAC0009,070222,1923,11,07,0.0,,Y
IDCJAC0009,070222,1923,11,08,0.0,,Y
IDCJAC0009,070222,1923,11,09,0.0,,Y
IDCJAC0009,070222,1923,11,10,0.0,,Y
IDCJAC0009,070222,1923,11,11,0.0,,Y
IDCJAC0009,070222,1923,11,12,0.0,,Y
IDCJAC0009,070222,1923,11,13,0.0,,Y
IDCJAC0009,070222,1923,11,14,0.0,,Y
IDCJAC0009,070222,1923,11,15,0.0,,Y
IDCJAC0009,070222,1923,11,16,0.0,,Y
IDCJAC0009,070222,1923,11,17,2.3,1,Y
IDCJAC0009,070222,1923,11,18,0.0,,Y
IDCJAC0009,070222,1923,11,19,0.0,,Y
IDCJAC0009,070222,1923,11,20,0.0,,Y
IDCJAC0009,070222,1923,11,21,0.0,,Y
IDCJAC0009,070222,1923,11,22,0.0,,Y
IDCJAC0009,070222,1923,11,23,0.0,,Y
IDCJAC0009,070222,1923,11,24,0.0,,Y
IDCJAC0009,070222,1923,11,25,0.0,,Y
IDCJAC0009,070222,1923,11,26,0.0,,Y
IDCJAC0009,070222,1923,11,27,0.0,,Y
IDCJAC0009,070222,1923,11,28,0.0,,Y
IDCJAC0009,070222,1923,11,29,0.0,,Y
IDCJAC0009,070222,1923,11,30,0.0,,Y
IDCJAC0009,070222,1923,12,01,0.0,,Y
IDCJAC0009,070222,1923,12,02,0.0,,Y
IDCJAC0009,070222,1923,12,03,0.0,,Y
IDCJAC0009,070222,1923,12,04,0.0,,Y
IDCJAC0009,070222,1923,12,05,0.0,,Y
IDCJAC0009,070222,1923,12,06,3.8,1,Y
IDCJAC0009,070222,1923,12,07,0.0,,Y
IDCJAC0009,070222,1923,12,08,0.0,,Y
IDCJAC0009,070222,1923,12,09,0.0,,Y
IDCJAC0009,070222,1923,12,10,0.0,,Y
IDCJAC0009,070222,1923,12,11,0.0,,Y
IDCJAC0009,070222,1923,12,12,0.0,,Y
IDCJAC0009,070222,1923,12,13,8.1,1,Y
IDCJAC0009,070222,1923,12,14,0.0,,Y
IDCJAC0009,070222,1923,12,15,0.0,,Y
IDCJAC0009,070222,1923,12,16,0.0,,Y
IDCJAC0009,070222,1923,12,17,0.0,,Y
IDCJAC0009,070222,1923,12,18,20.3,1,Y
IDCJAC0009,070222,1923,12,19,2.5,1,Y
IDCJAC0009,070222,1923,12,20,0.0,,Y
IDCJAC0009,070222,1923,12,21,0.0,,Y
IDCJAC0009,070222,1923,12,22,0.0,,Y
IDCJAC0009,070222,1923,12,23,0.0,,Y
IDCJAC0009,070222,1923,12,24,0.0,,Y
IDCJAC0009,070222,1923,12,25,0.0,,Y
IDCJAC0009,070222,1923,12,26,2.5,1,Y
IDCJAC0009,070222,1923,12,27,16.0,1,Y
IDCJAC0009,070222,1923,12,28,2.5,1,Y
IDCJAC0009,070222,1923,12,29,0.0,,Y
IDCJAC0009,070222,1923,12,30,0.0,,Y
IDCJAC0009,070222,1923,12,31,0.0,,Y
IDCJAC0009,070222,1924,01,01,0.0,,Y
IDCJAC0009,070222,1924,01,02,0.0,,Y
IDCJAC0009,070222,1924,01,03,11.7,1,Y
IDCJAC0009,070222,1924,01,04,0.0,,Y
IDCJAC0009,070222,1924,01,05,0.0,,Y
IDCJAC0009,070222,1924,01,06,0.0,,Y
IDCJAC0009,070222,1924,01,07,0.0,,Y
IDCJAC0009,070222,1924,01,08,0.0,,Y
IDCJAC0009,070222,1924,01,09,0.0,,Y
IDCJAC0009,070222,1924,01,10,0.0,,Y
IDCJAC0009,070222,1924,01,11,0.0,,Y
IDCJAC0009,070222,1924,01,12,0.0,,Y
IDCJAC0009,070222,1924,01,13,0.0,,Y
IDCJAC0009,070222,1924,01,14,0.0,,Y
IDCJAC0009,070222,1924,01,15,0.0,,Y
IDCJAC0009,070222,1924,01,16,0.0,,Y
IDCJAC0009,070222,1924,01,17,0.0,,Y
IDCJAC0009,070222,1924,01,18,0.0,,Y
IDCJAC0009,070222,1924,01,19,0.0,,Y
IDCJAC0009,070222,1924,01,20,0.0,,Y
IDCJAC0009,070222,1924,01,21,25.9,1,Y
IDCJAC0009,070222,1924,01,22,0.0,,Y
IDCJAC0009,070222,1924,01,23,0.0,,Y
IDCJAC0009,070222,1924,01,24,0.0,,Y
IDCJAC0009,070222,1924,01,25,1.3,1,Y
IDCJAC0009,070222,1924,01,26,0.0,,Y
IDCJAC0009,070222,1924,01,27,0.0,,Y
IDCJAC0009,070222,1924,01,28,0.0,,Y
IDCJAC0009,070222,1924,01,29,0.0,,Y
IDCJAC0009,070222,1924,01,30,0.0,,Y
IDCJAC0009,070222,1924,01,31,0.0,,Y
IDCJAC0009,070222,1924,02,01,0.0,,Y
IDCJAC0009,070222,1924,02,02,0.0,,Y
IDCJAC0009,070222,1924,02,03,2.8,1,Y
IDCJAC0009,070222,1924,02,04,0.0,,Y
IDCJAC0009,070222,1924,02,05,0.0,,Y
IDCJAC0009,070222,1924,02,06,31.5,1,Y
IDCJAC0009,070222,1924,02,07,5.1,1,Y
IDCJAC0009,070222,1924,02,08,5.1,1,Y
IDCJAC0009,070222,1924,02,09,0.0,,Y
IDCJAC0009,070222,1924,02,10,0.0,,Y
IDCJAC0009,070222,1924,02,11,0.0,,Y
IDCJAC0009,070222,1924,02,12,0.0,,Y
IDCJAC0009,070222,1924,02,13,0.0,,Y
IDCJAC0009,070222,1924,02,14,0.0,,Y
IDCJAC0009,070222,1924,02,15,0.0,,Y
IDCJAC0009,070222,1924,02,16,22.1,1,Y
IDCJAC0009,070222,1924,02,17,0.0,,Y
IDCJAC0009,070222,1924,02,18,0.0,,Y
IDCJAC0009,070222,1924,02,19,0.0,,Y
IDCJAC0009,070222,1924,02,20,25.4,1,Y
IDCJAC0009,070222,1924,02,21,16.5,1,Y
IDCJAC0009,070222,1924,02,22,0.0,,Y
IDCJAC0009,070222,1924,02,23,0.0,,Y
IDCJAC0009,070222,1924,02,24,0.0,,Y
IDCJAC0009,070222,1924,02,25,0.0,,Y
IDCJAC0009,070222,1924,02,26,0.0,,Y
IDCJAC0009,070222,1924,02,27,0.0,,Y
IDCJAC0009,070222,1924,02,28,0.0,,Y
IDCJAC0009,070222,1924,02,29,0.0,,Y
IDCJAC0009,070222,1924,03,01,0.0,,Y
IDCJAC0009,070222,1924,03,02,0.0,,Y
IDCJAC0009,070222,1924,03,03,0.0,,Y
IDCJAC0009,070222,1924,03,04,0.0,,Y
IDCJAC0009,070222,1924,03,05,0.0,,Y
IDCJAC0009,070222,1924,03,06,0.0,,Y
IDCJAC0009,070222,1924,03,07,0.0,,Y
IDCJAC0009,070222,1924,03,08,0.0,,Y
IDCJAC0009,070222,1924,03,09,0.0,,Y
IDCJAC0009,070222,1924,03,10,0.0,,Y
IDCJAC0009,070222,1924,03,11,0.0,,Y
IDCJAC0009,070222,1924,03,12,0.0,,Y
IDCJAC0009,070222,1924,03,13,0.0,,Y
IDCJAC0009,070222,1924,03,14,0.0,,Y
IDCJAC0009,070222,1924,03,15,0.0,,Y
IDCJAC0009,070222,1924,03,16,0.0,,Y
IDCJAC0009,070222,1924,03,17,0.0,,Y
IDCJAC0009,070222,1924,03,18,0.0,,Y
IDCJAC0009,070222,1924,03,19,0.0,,Y
IDCJAC0009,070222,1924,03,20,5.1,1,Y
IDCJAC0009,070222,1924,03,21,0.0,,Y
IDCJAC0009,070222,1924,03,22,0.0,,Y
IDCJAC0009,070222,1924,03,23,0.0,,Y
IDCJAC0009,070222,1924,03,24,0.0,,Y
IDCJAC0009,070222,1924,03,25,0.0,,Y
IDCJAC0009,070222,1924,03,26,0.0,,Y
IDCJAC0009,070222,1924,03,27,0.0,,Y
IDCJAC0009,070222,1924,03,28,0.0,,Y
IDCJAC0009,070222,1924,03,29,0.0,,Y
IDCJAC0009,070222,1924,03,30,0.0,,Y
IDCJAC0009,070222,1924,03,31,0.0,,Y
IDCJAC0009,070222,1924,04,01,0.0,,Y
IDCJAC0009,070222,1924,04,02,0.0,,Y
IDCJAC0009,070222,1924,04,03,12.2,1,Y
IDCJAC0009,070222,1924,04,04,5.8,1,Y
IDCJAC0009,070222,1924,04,05,0.0,,Y
IDCJAC0009,070222,1924,04,06,0.0,,Y
IDCJAC0009,070222,1924,04,07,0.0,,Y
IDCJAC0009,070222,1924,04,08,0.0,,Y
IDCJAC0009,070222,1924,04,09,8.9,1,Y
IDCJAC0009,070222,1924,04,10,0.0,,Y
IDCJAC0009,070222,1924,04,11,6.6,1,Y
IDCJAC0009,070222,1924,04,12,0.0,,Y
IDCJAC0009,070222,1924,04,13,0.0,,Y
IDCJAC0009,070222,1924,04,14,0.0,,Y
IDCJAC0009,070222,1924,04,15,0.0,,Y
IDCJAC0009,070222,1924,04,16,0.0,,Y
IDCJAC0009,070222,1924,04,17,0.0,,Y
IDCJAC0009,070222,1924,04,18,0.0,,Y
IDCJAC0009,070222,1924,04,19,0.0,,Y
IDCJAC0009,070222,1924,04,20,5.1,1,Y
IDCJAC0009,070222,1924,04,21,0.0,,Y
IDCJAC0009,070222,1924,04,22,0.0,,Y
IDCJAC0009,070222,1924,04,23,0.0,,Y
IDCJAC0009,070222,1924,04,24,0.0,,Y
IDCJAC0009,070222,1924,04,25,0.0,,Y
IDCJAC0009,070222,1924,04,26,0.0,,Y
IDCJAC0009,070222,1924,04,27,0.0,,Y
IDCJAC0009,070222,1924,04,28,0.0,,Y
IDCJAC0009,070222,1924,04,29,0.0,,Y
IDCJAC0009,070222,1924,04,30,0.0,,Y
IDCJAC0009,070222,1924,05,01,0.0,,Y
IDCJAC0009,070222,1924,05,02,0.0,,Y
IDCJAC0009,070222,1924,05,03,0.0,,Y
IDCJAC0009,070222,1924,05,04,0.0,,Y
IDCJAC0009,070222,1924,05,05,0.0,,Y
IDCJAC0009,070222,1924,05,06,3.8,1,Y
IDCJAC0009,070222,1924,05,07,0.0,,Y
IDCJAC0009,070222,1924,05,08,0.0,,Y
IDCJAC0009,070222,1924,05,09,0.0,,Y
IDCJAC0009,070222,1924,05,10,0.0,,Y
IDCJAC0009,070222,1924,05,11,0.0,,Y
IDCJAC0009,070222,1924,05,12,0.0,,Y
IDCJAC0009,070222,1924,05,13,0.0,,Y
IDCJAC0009,070222,1924,05,14,0.0,,Y
IDCJAC0009,070222,1924,05,15,3.6,1,Y
IDCJAC0009,070222,1924,05,16,0.0,,Y
IDCJAC0009,070222,1924,05,17,0.0,,Y
IDCJAC0009,070222,1924,05,18,0.0,,Y
IDCJAC0009,070222,1924,05,19,0.0,,Y
IDCJAC0009,070222,1924,05,20,0.0,,Y
IDCJAC0009,070222,1924,05,21,11.4,1,Y
IDCJAC0009,070222,1924,05,22,0.0,,Y
IDCJAC0009,070222,1924,05,23,3.8,1,Y
IDCJAC0009,070222,1924,05,24,0.0,,Y
IDCJAC0009,070222,1924,05,25,0.0,,Y
IDCJAC0009,070222,1924,05,26,0.0,,Y
IDCJAC0009,070222,1924,05,27,0.0,,Y
IDCJAC0009,070222,1924,05,28,0.0,,Y
IDCJAC0009,070222,1924,05,29,0.0,,Y
IDCJAC0009,070222,1924,05,30,0.0,,Y
IDCJAC0009,070222,1924,05,31,0.0,,Y
IDCJAC0009,070222,1924,06,01,0.0,,Y
IDCJAC0009,070222,1924,06,02,4.6,1,Y
IDCJAC0009,070222,1924,06,03,0.0,,Y
IDCJAC0009,070222,1924,06,04,1.3,1,Y
IDCJAC0009,070222,1924,06,05,0.0,,Y
IDCJAC0009,070222,1924,06,06,0.0,,Y
IDCJAC0009,070222,1924,06,07,3.3,1,Y
IDCJAC0009,070222,1924,06,08,0.0,,Y
IDCJAC0009,070222,1924,06,09,0.0,,Y
IDCJAC0009,070222,1924,06,10,0.0,,Y
IDCJAC0009,070222,1924,06,11,0.0,,Y
IDCJAC0009,070222,1924,06,12,0.0,,Y
IDCJAC0009,070222,1924,06,13,0.0,,Y
IDCJAC0009,070222,1924,06,14,0.0,,Y
IDCJAC0009,070222,1924,06,15,5.1,1,Y
IDCJAC0009,070222,1924,06,16,3.6,1,Y
IDCJAC0009,070222,1924,06,17,0.0,,Y
IDCJAC0009,070222,1924,06,18,0.0,,Y
IDCJAC0009,070222,1924,06,19,0.0,,Y
IDCJAC0009,070222,1924,06,20,0.0,,Y
IDCJAC0009,070222,1924,06,21,0.0,,Y
IDCJAC0009,070222,1924,06,22,0.0,,Y
IDCJAC0009,070222,1924,06,23,0.0,,Y
IDCJAC0009,070222,1924,06,24,0.0,,Y
IDCJAC0009,070222,1924,06,25,0.0,,Y
IDCJAC0009,070222,1924,06,26,0.0,,Y
IDCJAC0009,070222,1924,06,27,0.0,,Y
IDCJAC0009,070222,1924,06,28,0.0,,Y
IDCJAC0009,070222,1924,06,29,0.0,,Y
IDCJAC0009,070222,1924,06,30,0.0,,Y
IDCJAC0009,070222,1924,07,01,0.0,,Y
IDCJAC0009,070222,1924,07,02,0.0,,Y
IDCJAC0009,070222,1924,07,03,0.0,,Y
IDCJAC0009,070222,1924,07,04,0.0,,Y
IDCJAC0009,070222,1924,07,05,0.0,,Y
IDCJAC0009,070222,1924,07,06,0.0,,Y
IDCJAC0009,070222,1924,07,07,0.0,,Y
IDCJAC0009,070222,1924,07,08,0.0,,Y
IDCJAC0009,070222,1924,07,09,0.0,,Y
IDCJAC0009,070222,1924,07,10,0.0,,Y
IDCJAC0009,070222,1924,07,11,0.0,,Y
IDCJAC0009,070222,1924,07,12,0.0,,Y
IDCJAC0009,070222,1924,07,13,0.0,,Y
IDCJAC0009,070222,1924,07,14,0.0,,Y
IDCJAC0009,070222,1924,07,15,0.0,,Y
IDCJAC0009,070222,1924,07,16,0.0,,Y
IDCJAC0009,070222,1924,07,17,0.0,,Y
IDCJAC0009,070222,1924,07,18,0.0,,Y
IDCJAC0009,070222,1924,07,19,0.0,,Y
IDCJAC0009,070222,1924,07,20,0.0,,Y
IDCJAC0009,070222,1924,07,21,0.0,,Y
IDCJAC0009,070222,1924,07,22,5.1,1,Y
IDCJAC0009,070222,1924,07,23,0.0,,Y
IDCJAC0009,070222,1924,07,24,11.9,1,Y
IDCJAC0009,070222,1924,07,25,6.1,1,Y
IDCJAC0009,070222,1924,07,26,0.0,,Y
IDCJAC0009,070222,1924,07,27,0.0,,Y
IDCJAC0009,070222,1924,07,28,0.0,,Y
IDCJAC0009,070222,1924,07,29,0.0,,Y
IDCJAC0009,070222,1924,07,30,0.0,,Y
IDCJAC0009,070222,1924,07,31,0.0,,Y
IDCJAC0009,070222,1924,08,01,0.0,,Y
IDCJAC0009,070222,1924,08,02,0.0,,Y
IDCJAC0009,070222,1924,08,03,3.8,1,Y
IDCJAC0009,070222,1924,08,04,1.3,1,Y
IDCJAC0009,070222,1924,08,05,0.0,,Y
IDCJAC0009,070222,1924,08,06,0.0,,Y
IDCJAC0009,070222,1924,08,07,0.0,,Y
IDCJAC0009,070222,1924,08,08,0.0,,Y
IDCJAC0009,070222,1924,08,09,0.0,,Y
IDCJAC0009,070222,1924,08,10,8.6,1,Y
IDCJAC0009,070222,1924,08,11,0.0,,Y
IDCJAC0009,070222,1924,08,12,0.0,,Y
IDCJAC0009,070222,1924,08,13,0.0,,Y
IDCJAC0009,070222,1924,08,14,9.7,1,Y
IDCJAC0009,070222,1924,08,15,0.0,,Y
IDCJAC0009,070222,1924,08,16,0.0,,Y
IDCJAC0009,070222,1924,08,17,0.0,,Y
IDCJAC0009,070222,1924,08,18,0.0,,Y
IDCJAC0009,070222,1924,08,19,0.0,,Y
IDCJAC0009,070222,1924,08,20,3.8,1,Y
IDCJAC0009,070222,1924,08,21,0.0,,Y
IDCJAC0009,070222,1924,08,22,2.0,1,Y
IDCJAC0009,070222,1924,08,23,0.0,,Y
IDCJAC0009,070222,1924,08,24,0.0,,Y
IDCJAC0009,070222,1924,08,25,18.5,1,Y
IDCJAC0009,070222,1924,08,26,24.1,1,Y
IDCJAC0009,070222,1924,08,27,1.3,1,Y
IDCJAC0009,070222,1924,08,28,0.0,,Y
IDCJAC0009,070222,1924,08,29,0.0,,Y
IDCJAC0009,070222,1924,08,30,0.0,,Y
IDCJAC0009,070222,1924,08,31,0.0,,Y
IDCJAC0009,070222,1924,09,01,0.0,,Y
IDCJAC0009,070222,1924,09,02,0.0,,Y
IDCJAC0009,070222,1924,09,03,0.0,,Y
IDCJAC0009,070222,1924,09,04,0.0,,Y
IDCJAC0009,070222,1924,09,05,0.0,,Y
IDCJAC0009,070222,1924,09,06,0.0,,Y
IDCJAC0009,070222,1924,09,07,0.0,,Y
IDCJAC0009,070222,1924,09,08,0.0,,Y
IDCJAC0009,070222,1924,09,09,0.0,,Y
IDCJAC0009,070222,1924,09,10,0.0,,Y
IDCJAC0009,070222,1924,09,11,0.0,,Y
IDCJAC0009,070222,1924,09,12,10.2,1,Y
IDCJAC0009,070222,1924,09,13,0.0,,Y
IDCJAC0009,070222,1924,09,14,0.0,,Y
IDCJAC0009,070222,1924,09,15,4.6,1,Y
IDCJAC0009,070222,1924,09,16,0.0,,Y
IDCJAC0009,070222,1924,09,17,0.0,,Y
IDCJAC0009,070222,1924,09,18,0.0,,Y
IDCJAC0009,070222,1924,09,19,0.0,,Y
IDCJAC0009,070222,1924,09,20,0.0,,Y
IDCJAC0009,070222,1924,09,21,6.1,1,Y
IDCJAC0009,070222,1924,09,22,0.0,,Y
IDCJAC0009,070222,1924,09,23,0.0,,Y
IDCJAC0009,070222,1924,09,24,0.0,,Y
IDCJAC0009,070222,1924,09,25,3.8,1,Y
IDCJAC0009,070222,1924,09,26,0.0,,Y
IDCJAC0009,070222,1924,09,27,0.0,,Y
IDCJAC0009,070222,1924,09,28,6.1,1,Y
IDCJAC0009,070222,1924,09,29,4.3,1,Y
IDCJAC0009,070222,1924,09,30,0.0,,Y
IDCJAC0009,070222,1924,10,01,0.0,,Y
IDCJAC0009,070222,1924,10,02,0.0,,Y
IDCJAC0009,070222,1924,10,03,0.0,,Y
IDCJAC0009,070222,1924,10,04,0.0,,Y
IDCJAC0009,070222,1924,10,05,7.6,1,Y
IDCJAC0009,070222,1924,10,06,7.6,1,Y
IDCJAC0009,070222,1924,10,07,2.5,1,Y
IDCJAC0009,070222,1924,10,08,0.0,,Y
IDCJAC0009,070222,1924,10,09,0.0,,Y
IDCJAC0009,070222,1924,10,10,0.0,,Y
IDCJAC0009,070222,1924,10,11,0.0,,Y
IDCJAC0009,070222,1924,10,12,0.0,,Y
IDCJAC0009,070222,1924,10,13,0.0,,Y
IDCJAC0009,070222,1924,10,14,0.0,,Y
IDCJAC0009,070222,1924,10,15,0.0,,Y
IDCJAC0009,070222,1924,10,16,3.6,1,Y
IDCJAC0009,070222,1924,10,17,0.0,,Y
IDCJAC0009,070222,1924,10,18,0.0,,Y
IDCJAC0009,070222,1924,10,19,0.0,,Y
IDCJAC0009,070222,1924,10,20,0.0,,Y
IDCJAC0009,070222,1924,10,21,5.1,1,Y
IDCJAC0009,070222,1924,10,22,3.8,1,Y
IDCJAC0009,070222,1924,10,23,0.0,,Y
IDCJAC0009,070222,1924,10,24,0.0,,Y
IDCJAC0009,070222,1924,10,25,0.0,,Y
IDCJAC0009,070222,1924,10,26,0.0,,Y
IDCJAC0009,070222,1924,10,27,0.0,,Y
IDCJAC0009,070222,1924,10,28,0.0,,Y
IDCJAC0009,070222,1924,10,29,0.0,,Y
IDCJAC0009,070222,1924,10,30,0.0,,Y
IDCJAC0009,070222,1924,10,31,0.0,,Y
IDCJAC0009,070222,1924,11,01,0.0,,Y
IDCJAC0009,070222,1924,11,02,0.0,,Y
IDCJAC0009,070222,1924,11,03,0.0,,Y
IDCJAC0009,070222,1924,11,04,0.0,,Y
IDCJAC0009,070222,1924,11,05,0.0,,Y
IDCJAC0009,070222,1924,11,06,10.2,1,Y
IDCJAC0009,070222,1924,11,07,40.6,1,Y
IDCJAC0009,070222,1924,11,08,41.1,1,Y
IDCJAC0009,070222,1924,11,09,0.0,,Y
IDCJAC0009,070222,1924,11,10,0.0,,Y
IDCJAC0009,070222,1924,11,11,0.0,,Y
IDCJAC0009,070222,1924,11,12,14.2,1,Y
IDCJAC0009,070222,1924,11,13,0.0,,Y
IDCJAC0009,070222,1924,11,14,0.0,,Y
IDCJAC0009,070222,1924,11,15,0.0,,Y
IDCJAC0009,070222,1924,11,16,0.0,,Y
IDCJAC0009,070222,1924,11,17,0.0,,Y
IDCJAC0009,070222,1924,11,18,0.0,,Y
IDCJAC0009,070222,1924,11,19,0.0,,Y
IDCJAC0009,070222,1924,11,20,9.1,1,Y
IDCJAC0009,070222,1924,11,21,0.0,,Y
IDCJAC0009,070222,1924,11,22,12.7,1,Y
IDCJAC0009,070222,1924,11,23,10.2,1,Y
IDCJAC0009,070222,1924,11,24,21.3,1,Y
IDCJAC0009,070222,1924,11,25,0.0,,Y
IDCJAC0009,070222,1924,11,26,0.0,,Y
IDCJAC0009,070222,1924,11,27,0.0,,Y
IDCJAC0009,070222,1924,11,28,0.0,,Y
IDCJAC0009,070222,1924,11,29,0.0,,Y
IDCJAC0009,070222,1924,11,30,0.0,,Y
IDCJAC0009,070222,1924,12,01,0.0,,Y
IDCJAC0009,070222,1924,12,02,0.0,,Y
IDCJAC0009,070222,1924,12,03,0.0,,Y
IDCJAC0009,070222,1924,12,04,0.0,,Y
IDCJAC0009,070222,1924,12,05,0.0,,Y
IDCJAC0009,070222,1924,12,06,11.4,1,Y
IDCJAC0009,070222,1924,12,07,0.0,,Y
IDCJAC0009,070222,1924,12,08,0.0,,Y
IDCJAC0009,070222,1924,12,09,5.6,1,Y
IDCJAC0009,070222,1924,12,10,0.0,,Y
IDCJAC0009,070222,1924,12,11,0.0,,Y
IDCJAC0009,070222,1924,12,12,0.0,,Y
IDCJAC0009,070222,1924,12,13,0.0,,Y
IDCJAC0009,070222,1924,12,14,0.0,,Y
IDCJAC0009,070222,1924,12,15,39.4,1,Y
IDCJAC0009,070222,1924,12,16,0.0,,Y
IDCJAC0009,070222,1924,12,17,0.0,,Y
IDCJAC0009,070222,1924,12,18,0.0,,Y
IDCJAC0009,070222,1924,12,19,0.0,,Y
IDCJAC0009,070222,1924,12,20,0.0,,Y
IDCJAC0009,070222,1924,12,21,0.0,,Y
IDCJAC0009,070222,1924,12,22,0.0,,Y
IDCJAC0009,070222,1924,12,23,0.0,,Y
IDCJAC0009,070222,1924,12,24,0.0,,Y
IDCJAC0009,070222,1924,12,25,0.0,,Y
IDCJAC0009,070222,1924,12,26,0.0,,Y
IDCJAC0009,070222,1924,12,27,21.3,1,Y
IDCJAC0009,070222,1924,12,28,0.0,,Y
IDCJAC0009,070222,1924,12,29,0.0,,Y
IDCJAC0009,070222,1924,12,30,0.0,,Y
IDCJAC0009,070222,1924,12,31,0.0,,Y
IDCJAC0009,070222,1925,01,01,0.0,,Y
IDCJAC0009,070222,1925,01,02,0.0,,Y
IDCJAC0009,070222,1925,01,03,0.0,,Y
IDCJAC0009,070222,1925,01,04,0.0,,Y
IDCJAC0009,070222,1925,01,05,0.0,,Y
IDCJAC0009,070222,1925,01,06,0.0,,Y
IDCJAC0009,070222,1925,01,07,0.0,,Y
IDCJAC0009,070222,1925,01,08,0.0,,Y
IDCJAC0009,070222,1925,01,09,0.0,,Y
IDCJAC0009,070222,1925,01,10,0.0,,Y
IDCJAC0009,070222,1925,01,11,5.1,1,Y
IDCJAC0009,070222,1925,01,12,0.0,,Y
IDCJAC0009,070222,1925,01,13,0.0,,Y
IDCJAC0009,070222,1925,01,14,27.7,1,Y
IDCJAC0009,070222,1925,01,15,25.4,1,Y
IDCJAC0009,070222,1925,01,16,12.2,1,Y
IDCJAC0009,070222,1925,01,17,0.0,,Y
IDCJAC0009,070222,1925,01,18,0.0,,Y
IDCJAC0009,070222,1925,01,19,0.0,,Y
IDCJAC0009,070222,1925,01,20,0.0,,Y
IDCJAC0009,070222,1925,01,21,0.0,,Y
IDCJAC0009,070222,1925,01,22,0.0,,Y
IDCJAC0009,070222,1925,01,23,0.0,,Y
IDCJAC0009,070222,1925,01,24,0.0,,Y
IDCJAC0009,070222,1925,01,25,0.0,,Y
IDCJAC0009,070222,1925,01,26,0.0,,Y
IDCJAC0009,070222,1925,01,27,0.0,,Y
IDCJAC0009,070222,1925,01,28,0.0,,Y
IDCJAC0009,070222,1925,01,29,0.0,,Y
IDCJAC0009,070222,1925,01,30,3.0,1,Y
IDCJAC0009,070222,1925,01,31,0.0,,Y
IDCJAC0009,070222,1925,02,01,2.5,1,Y
IDCJAC0009,070222,1925,02,02,0.0,,Y
IDCJAC0009,070222,1925,02,03,0.0,,Y
IDCJAC0009,070222,1925,02,04,0.0,,Y
IDCJAC0009,070222,1925,02,05,0.0,,Y
IDCJAC0009,070222,1925,02,06,0.0,,Y
IDCJAC0009,070222,1925,02,07,0.0,,Y
IDCJAC0009,070222,1925,02,08,4.1,1,Y
IDCJAC0009,070222,1925,02,09,12.7,1,Y
IDCJAC0009,070222,1925,02,10,28.2,1,Y
IDCJAC0009,070222,1925,02,11,3.8,1,Y
IDCJAC0009,070222,1925,02,12,5.6,1,Y
IDCJAC0009,070222,1925,02,13,0.0,,Y
IDCJAC0009,070222,1925,02,14,0.0,,Y
IDCJAC0009,070222,1925,02,15,0.0,,Y
IDCJAC0009,070222,1925,02,16,0.0,,Y
IDCJAC0009,070222,1925,02,17,0.0,,Y
IDCJAC0009,070222,1925,02,18,0.0,,Y
IDCJAC0009,070222,1925,02,19,0.0,,Y
IDCJAC0009,070222,1925,02,20,0.0,,Y
IDCJAC0009,070222,1925,02,21,0.0,,Y
IDCJAC0009,070222,1925,02,22,0.0,,Y
IDCJAC0009,070222,1925,02,23,0.0,,Y
IDCJAC0009,070222,1925,02,24,0.0,,Y
IDCJAC0009,070222,1925,02,25,0.0,,Y
IDCJAC0009,070222,1925,02,26,0.0,,Y
IDCJAC0009,070222,1925,02,27,0.0,,Y
IDCJAC0009,070222,1925,02,28,0.0,,Y
IDCJAC0009,070222,1925,03,01,0.0,,Y
IDCJAC0009,070222,1925,03,02,0.0,,Y
IDCJAC0009,070222,1925,03,03,0.0,,Y
IDCJAC0009,070222,1925,03,04,0.0,,Y
IDCJAC0009,070222,1925,03,05,0.0,,Y
IDCJAC0009,070222,1925,03,06,0.0,,Y
IDCJAC0009,070222,1925,03,07,0.0,,Y
IDCJAC0009,070222,1925,03,08,0.0,,Y
IDCJAC0009,070222,1925,03,09,0.0,,Y
IDCJAC0009,070222,1925,03,10,0.0,,Y
IDCJAC0009,070222,1925,03,11,0.0,,Y
IDCJAC0009,070222,1925,03,12,0.0,,Y
IDCJAC0009,070222,1925,03,13,0.0,,Y
IDCJAC0009,070222,1925,03,14,0.0,,Y
IDCJAC0009,070222,1925,03,15,0.0,,Y
IDCJAC0009,070222,1925,03,16,0.0,,Y
IDCJAC0009,070222,1925,03,17,0.0,,Y
IDCJAC0009,070222,1925,03,18,0.0,,Y
IDCJAC0009,070222,1925,03,19,0.0,,Y
IDCJAC0009,070222,1925,03,20,0.0,,Y
IDCJAC0009,070222,1925,03,21,0.0,,Y
IDCJAC0009,070222,1925,03,22,7.1,1,Y
IDCJAC0009,070222,1925,03,23,0.0,,Y
IDCJAC0009,070222,1925,03,24,0.0,,Y
IDCJAC0009,070222,1925,03,25,0.0,,Y
IDCJAC0009,070222,1925,03,26,0.0,,Y
IDCJAC0009,070222,1925,03,27,0.0,,Y
IDCJAC0009,070222,1925,03,28,0.0,,Y
IDCJAC0009,070222,1925,03,29,0.0,,Y
IDCJAC0009,070222,1925,03,30,0.0,,Y
IDCJAC0009,070222,1925,03,31,0.0,,Y
IDCJAC0009,070222,1925,04,01,0.0,,Y
IDCJAC0009,070222,1925,04,02,0.0,,Y
IDCJAC0009,070222,1925,04,03,0.0,,Y
IDCJAC0009,070222,1925,04,04,0.0,,Y
IDCJAC0009,070222,1925,04,05,0.0,,Y
IDCJAC0009,070222,1925,04,06,0.0,,Y
IDCJAC0009,070222,1925,04,07,0.0,,Y
IDCJAC0009,070222,1925,04,08,0.0,,Y
IDCJAC0009,070222,1925,04,09,0.0,,Y
IDCJAC0009,070222,1925,04,10,0.0,,Y
IDCJAC0009,070222,1925,04,11,0.0,,Y
IDCJAC0009,070222,1925,04,12,0.0,,Y
IDCJAC0009,070222,1925,04,13,0.0,,Y
IDCJAC0009,070222,1925,04,14,0.0,,Y
IDCJAC0009,070222,1925,04,15,0.0,,Y
IDCJAC0009,070222,1925,04,16,1.8,1,Y
IDCJAC0009,070222,1925,04,17,0.0,,Y
IDCJAC0009,070222,1925,04,18,0.0,,Y
IDCJAC0009,070222,1925,04,19,0.0,,Y
IDCJAC0009,070222,1925,04,20,0.0,,Y
IDCJAC0009,070222,1925,04,21,0.0,,Y
IDCJAC0009,070222,1925,04,22,0.0,,Y
IDCJAC0009,070222,1925,04,23,0.0,,Y
IDCJAC0009,070222,1925,04,24,0.0,,Y
IDCJAC0009,070222,1925,04,25,0.0,,Y
IDCJAC0009,070222,1925,04,26,0.0,,Y
IDCJAC0009,070222,1925,04,27,0.0,,Y
IDCJAC0009,070222,1925,04,28,0.0,,Y
IDCJAC0009,070222,1925,04,29,0.0,,Y
IDCJAC0009,070222,1925,04,30,0.0,,Y
IDCJAC0009,070222,1925,05,01,0.0,,Y
IDCJAC0009,070222,1925,05,02,0.0,,Y
IDCJAC0009,070222,1925,05,03,0.0,,Y
IDCJAC0009,070222,1925,05,04,0.0,,Y
IDCJAC0009,070222,1925,05,05,1.3,1,Y
IDCJAC0009,070222,1925,05,06,0.0,,Y
IDCJAC0009,070222,1925,05,07,0.0,,Y
IDCJAC0009,070222,1925,05,08,0.0,,Y
IDCJAC0009,070222,1925,05,09,7.9,1,Y
IDCJAC0009,070222,1925,05,10,64.3,1,Y
IDCJAC0009,070222,1925,05,11,0.0,,Y
IDCJAC0009,070222,1925,05,12,0.0,,Y
IDCJAC0009,070222,1925,05,13,0.0,,Y
IDCJAC0009,070222,1925,05,14,1.3,1,Y
IDCJAC0009,070222,1925,05,15,0.0,,Y
IDCJAC0009,070222,1925,05,16,0.0,,Y
IDCJAC0009,070222,1925,05,17,0.0,,Y
IDCJAC0009,070222,1925,05,18,0.0,,Y
IDCJAC0009,070222,1925,05,19,19.8,1,Y
IDCJAC0009,070222,1925,05,20,0.0,,Y
IDCJAC0009,070222,1925,05,21,0.0,,Y
IDCJAC0009,070222,1925,05,22,0.0,,Y
IDCJAC0009,070222,1925,05,23,0.0,,Y
IDCJAC0009,070222,1925,05,24,0.0,,Y
IDCJAC0009,070222,1925,05,25,24.4,1,Y
IDCJAC0009,070222,1925,05,26,144.8,1,Y
IDCJAC0009,070222,1925,05,27,2.5,1,Y
IDCJAC0009,070222,1925,05,28,0.0,,Y
IDCJAC0009,070222,1925,05,29,0.0,,Y
IDCJAC0009,070222,1925,05,30,0.0,,Y
IDCJAC0009,070222,1925,05,31,0.0,,Y
IDCJAC0009,070222,1925,06,01,0.0,,Y
IDCJAC0009,070222,1925,06,02,0.0,,Y
IDCJAC0009,070222,1925,06,03,0.0,,Y
IDCJAC0009,070222,1925,06,04,0.0,,Y
IDCJAC0009,070222,1925,06,05,0.0,,Y
IDCJAC0009,070222,1925,06,06,0.0,,Y
IDCJAC0009,070222,1925,06,07,0.0,,Y
IDCJAC0009,070222,1925,06,08,0.0,,Y
IDCJAC0009,070222,1925,06,09,0.0,,Y
IDCJAC0009,070222,1925,06,10,0.0,,Y
IDCJAC0009,070222,1925,06,11,0.0,,Y
IDCJAC0009,070222,1925,06,12,0.0,,Y
IDCJAC0009,070222,1925,06,13,0.0,,Y
IDCJAC0009,070222,1925,06,14,0.0,,Y
IDCJAC0009,070222,1925,06,15,0.0,,Y
IDCJAC0009,070222,1925,06,16,0.0,,Y
IDCJAC0009,070222,1925,06,17,0.0,,Y
IDCJAC0009,070222,1925,06,18,0.0,,Y
IDCJAC0009,070222,1925,06,19,5.1,1,Y
IDCJAC0009,070222,1925,06,20,14.5,1,Y
IDCJAC0009,070222,1925,06,21,60.2,1,Y
IDCJAC0009,070222,1925,06,22,19.1,1,Y
IDCJAC0009,070222,1925,06,23,0.0,,Y
IDCJAC0009,070222,1925,06,24,0.0,,Y
IDCJAC0009,070222,1925,06,25,0.0,,Y
IDCJAC0009,070222,1925,06,26,11.9,1,Y
IDCJAC0009,070222,1925,06,27,0.0,,Y
IDCJAC0009,070222,1925,06,28,0.0,,Y
IDCJAC0009,070222,1925,06,29,0.0,,Y
IDCJAC0009,070222,1925,06,30,0.0,,Y
IDCJAC0009,070222,1925,07,01,0.0,,Y
IDCJAC0009,070222,1925,07,02,0.0,,Y
IDCJAC0009,070222,1925,07,03,0.0,,Y
IDCJAC0009,070222,1925,07,04,0.0,,Y
IDCJAC0009,070222,1925,07,05,0.0,,Y
IDCJAC0009,070222,1925,07,06,0.0,,Y
IDCJAC0009,070222,1925,07,07,0.0,,Y
IDCJAC0009,070222,1925,07,08,0.0,,Y
IDCJAC0009,070222,1925,07,09,0.0,,Y
IDCJAC0009,070222,1925,07,10,0.0,,Y
IDCJAC0009,070222,1925,07,11,0.0,,Y
IDCJAC0009,070222,1925,07,12,35.3,1,Y
IDCJAC0009,070222,1925,07,13,0.0,,Y
IDCJAC0009,070222,1925,07,14,0.0,,Y
IDCJAC0009,070222,1925,07,15,0.0,,Y
IDCJAC0009,070222,1925,07,16,0.0,,Y
IDCJAC0009,070222,1925,07,17,0.0,,Y
IDCJAC0009,070222,1925,07,18,3.0,1,Y
IDCJAC0009,070222,1925,07,19,0.0,,Y
IDCJAC0009,070222,1925,07,20,1.3,1,Y
IDCJAC0009,070222,1925,07,21,5.1,1,Y
IDCJAC0009,070222,1925,07,22,0.0,,Y
IDCJAC0009,070222,1925,07,23,1.3,1,Y
IDCJAC0009,070222,1925,07,24,0.0,,Y
IDCJAC0009,070222,1925,07,25,0.0,,Y
IDCJAC0009,070222,1925,07,26,0.0,,Y
IDCJAC0009,070222,1925,07,27,0.0,,Y
IDCJAC0009,070222,1925,07,28,0.0,,Y
IDCJAC0009,070222,1925,07,29,0.0,,Y
IDCJAC0009,070222,1925,07,30,0.0,,Y
IDCJAC0009,070222,1925,07,31,0.0,,Y
IDCJAC0009,070222,1925,08,01,0.0,,Y
IDCJAC0009,070222,1925,08,02,0.0,,Y
IDCJAC0009,070222,1925,08,03,0.0,,Y
IDCJAC0009,070222,1925,08,04,0.0,,Y
IDCJAC0009,070222,1925,08,05,0.0,,Y
IDCJAC0009,070222,1925,08,06,0.0,,Y
IDCJAC0009,070222,1925,08,07,0.0,,Y
IDCJAC0009,070222,1925,08,08,0.0,,Y
IDCJAC0009,070222,1925,08,09,0.0,,Y
IDCJAC0009,070222,1925,08,10,0.0,,Y
IDCJAC0009,070222,1925,08,11,0.0,,Y
IDCJAC0009,070222,1925,08,12,0.0,,Y
IDCJAC0009,070222,1925,08,13,0.0,,Y
IDCJAC0009,070222,1925,08,14,0.0,,Y
IDCJAC0009,070222,1925,08,15,0.0,,Y
IDCJAC0009,070222,1925,08,16,0.0,,Y
IDCJAC0009,070222,1925,08,17,0.0,,Y
IDCJAC0009,070222,1925,08,18,46.7,1,Y
IDCJAC0009,070222,1925,08,19,0.0,,Y
IDCJAC0009,070222,1925,08,20,0.0,,Y
IDCJAC0009,070222,1925,08,21,0.0,,Y
IDCJAC0009,070222,1925,08,22,7.9,1,Y
IDCJAC0009,070222,1925,08,23,15.2,1,Y
IDCJAC0009,070222,1925,08,24,0.0,,Y
IDCJAC0009,070222,1925,08,25,0.0,,Y
IDCJAC0009,070222,1925,08,26,0.0,,Y
IDCJAC0009,070222,1925,08,27,0.0,,Y
IDCJAC0009,070222,1925,08,28,0.0,,Y
IDCJAC0009,070222,1925,08,29,0.0,,Y
IDCJAC0009,070222,1925,08,30,0.0,,Y
IDCJAC0009,070222,1925,08,31,0.0,,Y
IDCJAC0009,070222,1925,09,01,0.0,,Y
IDCJAC0009,070222,1925,09,02,0.0,,Y
IDCJAC0009,070222,1925,09,03,0.0,,Y
IDCJAC0009,070222,1925,09,04,0.0,,Y
IDCJAC0009,070222,1925,09,05,0.0,,Y
IDCJAC0009,070222,1925,09,06,0.0,,Y
IDCJAC0009,070222,1925,09,07,0.0,,Y
IDCJAC0009,070222,1925,09,08,0.0,,Y
IDCJAC0009,070222,1925,09,09,0.0,,Y
IDCJAC0009,070222,1925,09,10,0.0,,Y
IDCJAC0009,070222,1925,09,11,0.0,,Y
IDCJAC0009,070222,1925,09,12,0.0,,Y
IDCJAC0009,070222,1925,09,13,6.4,1,Y
IDCJAC0009,070222,1925,09,14,0.0,,Y
IDCJAC0009,070222,1925,09,15,0.0,,Y
IDCJAC0009,070222,1925,09,16,0.0,,Y
IDCJAC0009,070222,1925,09,17,13.5,1,Y
IDCJAC0009,070222,1925,09,18,5.3,1,Y
IDCJAC0009,070222,1925,09,19,0.0,,Y
IDCJAC0009,070222,1925,09,20,0.0,,Y
IDCJAC0009,070222,1925,09,21,0.0,,Y
IDCJAC0009,070222,1925,09,22,0.0,,Y
IDCJAC0009,070222,1925,09,23,0.0,,Y
IDCJAC0009,070222,1925,09,24,0.0,,Y
IDCJAC0009,070222,1925,09,25,0.0,,Y
IDCJAC0009,070222,1925,09,26,0.0,,Y
IDCJAC0009,070222,1925,09,27,0.0,,Y
IDCJAC0009,070222,1925,09,28,0.0,,Y
IDCJAC0009,070222,1925,09,29,0.0,,Y
IDCJAC0009,070222,1925,09,30,0.0,,Y
IDCJAC0009,070222,1925,10,01,0.0,,Y
IDCJAC0009,070222,1925,10,02,0.0,,Y
IDCJAC0009,070222,1925,10,03,0.0,,Y
IDCJAC0009,070222,1925,10,04,0.0,,Y
IDCJAC0009,070222,1925,10,05,0.0,,Y
IDCJAC0009,070222,1925,10,06,0.0,,Y
IDCJAC0009,070222,1925,10,07,0.0,,Y
IDCJAC0009,070222,1925,10,08,0.0,,Y
IDCJAC0009,070222,1925,10,09,0.0,,Y
IDCJAC0009,070222,1925,10,10,3.0,1,Y
IDCJAC0009,070222,1925,10,11,0.0,,Y
IDCJAC0009,070222,1925,10,12,0.0,,Y
IDCJAC0009,070222,1925,10,13,0.0,,Y
IDCJAC0009,070222,1925,10,14,0.0,,Y
IDCJAC0009,070222,1925,10,15,0.0,,Y
IDCJAC0009,070222,1925,10,16,0.0,,Y
IDCJAC0009,070222,1925,10,17,3.8,1,Y
IDCJAC0009,070222,1925,10,18,1.5,1,Y
IDCJAC0009,070222,1925,10,19,0.0,,Y
IDCJAC0009,070222,1925,10,20,0.0,,Y
IDCJAC0009,070222,1925,10,21,7.9,1,Y
IDCJAC0009,070222,1925,10,22,0.0,,Y
IDCJAC0009,070222,1925,10,23,0.0,,Y
IDCJAC0009,070222,1925,10,24,0.0,,Y
IDCJAC0009,070222,1925,10,25,0.0,,Y
IDCJAC0009,070222,1925,10,26,0.0,,Y
IDCJAC0009,070222,1925,10,27,0.0,,Y
IDCJAC0009,070222,1925,10,28,0.0,,Y
IDCJAC0009,070222,1925,10,29,0.0,,Y
IDCJAC0009,070222,1925,10,30,22.1,1,Y
IDCJAC0009,070222,1925,10,31,0.0,,Y
IDCJAC0009,070222,1925,11,01,0.0,,Y
IDCJAC0009,070222,1925,11,02,0.0,,Y
IDCJAC0009,070222,1925,11,03,0.0,,Y
IDCJAC0009,070222,1925,11,04,0.0,,Y
IDCJAC0009,070222,1925,11,05,0.0,,Y
IDCJAC0009,070222,1925,11,06,1.8,1,Y
IDCJAC0009,070222,1925,11,07,0.0,,Y
IDCJAC0009,070222,1925,11,08,0.0,,Y
IDCJAC0009,070222,1925,11,09,0.0,,Y
IDCJAC0009,070222,1925,11,10,0.0,,Y
IDCJAC0009,070222,1925,11,11,0.0,,Y
IDCJAC0009,070222,1925,11,12,0.0,,Y
IDCJAC0009,070222,1925,11,13,0.0,,Y
IDCJAC0009,070222,1925,11,14,0.0,,Y
IDCJAC0009,070222,1925,11,15,0.0,,Y
IDCJAC0009,070222,1925,11,16,0.0,,Y
IDCJAC0009,070222,1925,11,17,0.0,,Y
IDCJAC0009,070222,1925,11,18,38.1,1,Y
IDCJAC0009,070222,1925,11,19,40.6,1,Y
IDCJAC0009,070222,1925,11,20,6.1,1,Y
IDCJAC0009,070222,1925,11,21,0.0,,Y
IDCJAC0009,070222,1925,11,22,0.0,,Y
IDCJAC0009,070222,1925,11,23,0.0,,Y
IDCJAC0009,070222,1925,11,24,0.0,,Y
IDCJAC0009,070222,1925,11,25,0.0,,Y
IDCJAC0009,070222,1925,11,26,0.0,,Y
IDCJAC0009,070222,1925,11,27,0.0,,Y
IDCJAC0009,070222,1925,11,28,0.0,,Y
IDCJAC0009,070222,1925,11,29,0.0,,Y
IDCJAC0009,070222,1925,11,30,0.0,,Y
IDCJAC0009,070222,1925,12,01,0.0,,Y
IDCJAC0009,070222,1925,12,02,0.0,,Y
IDCJAC0009,070222,1925,12,03,0.0,,Y
IDCJAC0009,070222,1925,12,04,0.0,,Y
IDCJAC0009,070222,1925,12,05,0.0,,Y
IDCJAC0009,070222,1925,12,06,0.0,,Y
IDCJAC0009,070222,1925,12,07,0.0,,Y
IDCJAC0009,070222,1925,12,08,0.0,,Y
IDCJAC0009,070222,1925,12,09,0.0,,Y
IDCJAC0009,070222,1925,12,10,0.0,,Y
IDCJAC0009,070222,1925,12,11,0.0,,Y
IDCJAC0009,070222,1925,12,12,0.0,,Y
IDCJAC0009,070222,1925,12,13,0.0,,Y
IDCJAC0009,070222,1925,12,14,0.0,,Y
IDCJAC0009,070222,1925,12,15,0.0,,Y
IDCJAC0009,070222,1925,12,16,0.0,,Y
IDCJAC0009,070222,1925,12,17,0.0,,Y
IDCJAC0009,070222,1925,12,18,0.0,,Y
IDCJAC0009,070222,1925,12,19,0.0,,Y
IDCJAC0009,070222,1925,12,20,0.0,,Y
IDCJAC0009,070222,1925,12,21,0.0,,Y
IDCJAC0009,070222,1925,12,22,0.0,,Y
IDCJAC0009,070222,1925,12,23,0.0,,Y
IDCJAC0009,070222,1925,12,24,0.0,,Y
IDCJAC0009,070222,1925,12,25,0.0,,Y
IDCJAC0009,070222,1925,12,26,0.0,,Y
IDCJAC0009,070222,1925,12,27,0.0,,Y
IDCJAC0009,070222,1925,12,28,0.0,,Y
IDCJAC0009,070222,1925,12,29,0.0,,Y
IDCJAC0009,070222,1925,12,30,13.7,1,Y
IDCJAC0009,070222,1925,12,31,0.0,,Y
IDCJAC0009,070222,1926,01,01,0.0,,Y
IDCJAC0009,070222,1926,01,02,0.0,,Y
IDCJAC0009,070222,1926,01,03,0.0,,Y
IDCJAC0009,070222,1926,01,04,0.0,,Y
IDCJAC0009,070222,1926,01,05,32.0,1,Y
IDCJAC0009,070222,1926,01,06,0.0,,Y
IDCJAC0009,070222,1926,01,07,0.0,,Y
IDCJAC0009,070222,1926,01,08,0.0,,Y
IDCJAC0009,070222,1926,01,09,10.2,1,Y
IDCJAC0009,070222,1926,01,10,0.0,,Y
IDCJAC0009,070222,1926,01,11,0.0,,Y
IDCJAC0009,070222,1926,01,12,0.0,,Y
IDCJAC0009,070222,1926,01,13,0.0,,Y
IDCJAC0009,070222,1926,01,14,0.0,,Y
IDCJAC0009,070222,1926,01,15,0.0,,Y
IDCJAC0009,070222,1926,01,16,0.0,,Y
IDCJAC0009,070222,1926,01,17,0.0,,Y
IDCJAC0009,070222,1926,01,18,0.0,,Y
IDCJAC0009,070222,1926,01,19,0.0,,Y
IDCJAC0009,070222,1926,01,20,0.0,,Y
IDCJAC0009,070222,1926,01,21,0.0,,Y
IDCJAC0009,070222,1926,01,22,0.0,,Y
IDCJAC0009,070222,1926,01,23,0.0,,Y
IDCJAC0009,070222,1926,01,24,0.0,,Y
IDCJAC0009,070222,1926,01,25,0.0,,Y
IDCJAC0009,070222,1926,01,26,0.0,,Y
IDCJAC0009,070222,1926,01,27,0.0,,Y
IDCJAC0009,070222,1926,01,28,0.0,,Y
IDCJAC0009,070222,1926,01,29,0.0,,Y
IDCJAC0009,070222,1926,01,30,0.0,,Y
IDCJAC0009,070222,1926,01,31,0.0,,Y
IDCJAC0009,070222,1926,02,01,0.0,,Y
IDCJAC0009,070222,1926,02,02,0.0,,Y
IDCJAC0009,070222,1926,02,03,0.0,,Y
IDCJAC0009,070222,1926,02,04,0.0,,Y
IDCJAC0009,070222,1926,02,05,0.0,,Y
IDCJAC0009,070222,1926,02,06,0.0,,Y
IDCJAC0009,070222,1926,02,07,0.0,,Y
IDCJAC0009,070222,1926,02,08,0.0,,Y
IDCJAC0009,070222,1926,02,09,1.3,1,Y
IDCJAC0009,070222,1926,02,10,0.0,,Y
IDCJAC0009,070222,1926,02,11,0.0,,Y
IDCJAC0009,070222,1926,02,12,0.0,,Y
IDCJAC0009,070222,1926,02,13,0.0,,Y
IDCJAC0009,070222,1926,02,14,0.0,,Y
IDCJAC0009,070222,1926,02,15,0.0,,Y
IDCJAC0009,070222,1926,02,16,0.0,,Y
IDCJAC0009,070222,1926,02,17,0.0,,Y
IDCJAC0009,070222,1926,02,18,0.0,,Y
IDCJAC0009,070222,1926,02,19,0.0,,Y
IDCJAC0009,070222,1926,02,20,0.0,,Y
IDCJAC0009,070222,1926,02,21,0.0,,Y
IDCJAC0009,070222,1926,02,22,0.0,,Y
IDCJAC0009,070222,1926,02,23,0.0,,Y
IDCJAC0009,070222,1926,02,24,0.0,,Y
IDCJAC0009,070222,1926,02,25,0.0,,Y
IDCJAC0009,070222,1926,02,26,0.0,,Y
IDCJAC0009,070222,1926,02,27,0.0,,Y
IDCJAC0009,070222,1926,02,28,0.0,,Y
